quelle,verfahren,horizont_h,pr_auc,n,aktiv_rate,bucket
emobpy,modell_rf,1,0.19190607087716835,480,0.052083333333333336,
emobpy,modell_rf,2,0.17100370075610297,480,0.04791666666666667,
emobpy,modell_rf,3,0.20761781575762964,480,0.08541666666666667,
emobpy,modell_rf,4,0.2386872813069193,480,0.075,
emobpy,modell_rf,5,0.218143905355003,480,0.06666666666666667,
emobpy,modell_rf,6,0.2300751937720938,480,0.07916666666666666,
emobpy,modell_rf,7,0.1946572883649525,480,0.1375,
emobpy,modell_rf,8,0.19986228571153242,480,0.13958333333333334,
emobpy,modell_rf,9,0.10151650670814683,480,0.09791666666666667,
emobpy,modell_rf,10,0.09181066670081339,480,0.09375,
emobpy,modell_rf,11,0.16009210456807615,480,0.13125,
emobpy,modell_rf,12,0.11180428985191432,480,0.075,
emobpy,modell_rf,13,0.10600164491298812,480,0.06458333333333334,
emobpy,modell_rf,14,0.1587457773880517,480,0.09166666666666666,
emobpy,modell_rf,15,0.18129533563203448,480,0.10833333333333334,
emobpy,modell_rf,16,0.2172831601576241,480,0.12916666666666668,
emobpy,modell_rf,17,0.15995298948159922,480,0.10625,
emobpy,modell_rf,18,0.1417157627270642,480,0.09583333333333334,
emobpy,modell_rf,19,0.17445625528583875,480,0.13333333333333333,
emobpy,modell_rf,20,0.1616577572821309,480,0.13125,
emobpy,modell_rf,21,0.08661381621782283,480,0.07916666666666666,
emobpy,modell_rf,22,0.08474154292686677,480,0.09375,
emobpy,modell_rf,23,0.12325944161616324,480,0.1,
emobpy,modell_rf,24,0.18688243666958895,480,0.07708333333333334,
emobpy,modell_rf,25,0.21939304002559892,480,0.052083333333333336,
emobpy,modell_rf,26,0.16630081858666934,480,0.05416666666666667,
emobpy,modell_rf,27,0.25051668139969946,480,0.05625,
emobpy,modell_rf,28,0.15585162048138188,480,0.075,
emobpy,modell_rf,29,0.13393237221827758,480,0.05625,
emobpy,modell_rf,30,0.12899172197673758,480,0.05625,
emobpy,modell_rf,31,0.14645208189379139,480,0.11666666666666667,
emobpy,modell_rf,32,0.11416761025775918,480,0.12083333333333333,
emobpy,modell_rf,33,0.0965816987775061,480,0.09583333333333334,
emobpy,modell_rf,34,0.10160520679528595,480,0.12708333333333333,
emobpy,modell_rf,35,0.15675598708626656,480,0.11666666666666667,
emobpy,modell_rf,36,0.1730631328367198,480,0.10208333333333333,
emobpy,modell_rf,37,0.18992243620769106,480,0.09166666666666666,
emobpy,modell_rf,38,0.16346318279035513,480,0.10208333333333333,
emobpy,modell_rf,39,0.24688777147286162,480,0.11041666666666666,
emobpy,modell_rf,40,0.22303312434224815,480,0.14583333333333334,
emobpy,modell_rf,41,0.1996588453467284,480,0.12708333333333333,
emobpy,modell_rf,42,0.15962946267485567,480,0.09583333333333334,
emobpy,modell_rf,43,0.2250080336068629,480,0.1375,
emobpy,modell_rf,44,0.2031231049577059,480,0.13125,
emobpy,modell_rf,45,0.13094312151138213,480,0.08125,
emobpy,modell_rf,46,0.10445815384866493,480,0.09375,
emobpy,modell_rf,47,0.11876982822526741,480,0.08541666666666667,
emobpy,modell_rf,48,0.11989997211388181,480,0.04791666666666667,
emobpy,modell_rf,49,0.10901517874459732,480,0.05625,
emobpy,modell_rf,50,0.08400313209708724,480,0.04375,
emobpy,modell_rf,51,0.14251544664771026,480,0.04791666666666667,
emobpy,modell_rf,52,0.14052620800517535,480,0.058333333333333334,
emobpy,modell_rf,53,0.1923906679195839,480,0.07083333333333333,
emobpy,modell_rf,54,0.18230130420576993,480,0.041666666666666664,
emobpy,modell_rf,55,0.13746751156307854,480,0.11041666666666666,
emobpy,modell_rf,56,0.17062418846796013,480,0.11875,
emobpy,modell_rf,57,0.0973541274581064,480,0.07708333333333334,
emobpy,modell_rf,58,0.10426268729213636,480,0.09166666666666666,
emobpy,modell_rf,59,0.1716891047061589,480,0.1125,
emobpy,modell_rf,60,0.16927230231028115,480,0.08333333333333333,
emobpy,modell_rf,61,0.09862798840268433,480,0.06875,
emobpy,modell_rf,62,0.13272503852486348,480,0.07708333333333334,
emobpy,modell_rf,63,0.20625708582504554,480,0.09791666666666667,
emobpy,modell_rf,64,0.24682191041205664,480,0.1375,
emobpy,modell_rf,65,0.17784434765114526,480,0.09583333333333334,
emobpy,modell_rf,66,0.22958193688405787,480,0.11458333333333333,
emobpy,modell_rf,67,0.1607243069337141,480,0.13125,
emobpy,modell_rf,68,0.18425925944344826,480,0.13541666666666666,
emobpy,modell_rf,69,0.08184055436644116,480,0.09791666666666667,
emobpy,modell_rf,70,0.11691833919321229,480,0.09375,
emobpy,modell_rf,71,0.15350758505384882,480,0.0875,
emobpy,modell_rf,72,0.16108366484528017,480,0.075,
emobpy,modell_rf,73,0.17198427785125264,480,0.07916666666666666,
emobpy,modell_rf,74,0.17587893591401982,480,0.07708333333333334,
emobpy,modell_rf,75,0.14484376478095654,480,0.06875,
emobpy,modell_rf,76,0.16260878017539565,480,0.08333333333333333,
emobpy,modell_rf,77,0.24335391717432273,480,0.08333333333333333,
emobpy,modell_rf,78,0.2001405747213522,480,0.06875,
emobpy,modell_rf,79,0.22829282016789804,480,0.13125,
emobpy,modell_rf,80,0.18023994572529814,480,0.13541666666666666,
emobpy,modell_rf,81,0.12241618518616623,480,0.09583333333333334,
emobpy,modell_rf,82,0.10730676864325031,480,0.11041666666666666,
emobpy,modell_rf,83,0.17061415450754866,480,0.12916666666666668,
emobpy,modell_rf,84,0.13602092337007032,480,0.09166666666666666,
emobpy,modell_rf,85,0.1501033130686314,480,0.08125,
emobpy,modell_rf,86,0.16037979767177557,480,0.09583333333333334,
emobpy,modell_rf,87,0.12732534506526008,480,0.07083333333333333,
emobpy,modell_rf,88,0.21482148788145272,480,0.125,
emobpy,modell_rf,89,0.2578037384358979,480,0.11666666666666667,
emobpy,modell_rf,90,0.22463527099069627,480,0.10416666666666667,
emobpy,modell_rf,91,0.2506367446054589,480,0.13125,
emobpy,modell_rf,92,0.18707537610979919,480,0.15208333333333332,
emobpy,modell_rf,93,0.15178750324286172,480,0.10208333333333333,
emobpy,modell_rf,94,0.12618790156789572,480,0.12708333333333333,
emobpy,modell_rf,95,0.18996976159173892,480,0.11875,
emobpy,modell_rf,96,0.1444100711322675,480,0.075,
emobpy,modell_rf,97,0.20589015519646287,480,0.06041666666666667,
emobpy,modell_rf,98,0.2260684113420109,480,0.06875,
emobpy,modell_rf,99,0.1586016934460776,480,0.06666666666666667,
emobpy,modell_rf,100,0.14201326239475145,480,0.0625,
emobpy,modell_rf,101,0.20079098620831837,480,0.08541666666666667,
emobpy,modell_rf,102,0.15129166642595687,480,0.06458333333333334,
emobpy,modell_rf,103,0.17473107164505386,480,0.09791666666666667,
emobpy,modell_rf,104,0.19580756740490612,480,0.11041666666666666,
emobpy,modell_rf,105,0.09904296629547546,480,0.08958333333333333,
emobpy,modell_rf,106,0.1285098549442676,480,0.10208333333333333,
emobpy,modell_rf,107,0.17592728316455364,480,0.11041666666666666,
emobpy,modell_rf,108,0.14340302740751867,480,0.09166666666666666,
emobpy,modell_rf,109,0.09775035136691426,480,0.06458333333333334,
emobpy,modell_rf,110,0.1615230570270107,480,0.07708333333333334,
emobpy,modell_rf,111,0.19562299523777107,480,0.1125,
emobpy,modell_rf,112,0.19738024825608236,480,0.11458333333333333,
emobpy,modell_rf,113,0.21010326043541055,480,0.10625,
emobpy,modell_rf,114,0.19976522844888572,480,0.11458333333333333,
emobpy,modell_rf,115,0.15729549360726697,480,0.14583333333333334,
emobpy,modell_rf,116,0.21975313274085362,480,0.16875,
emobpy,modell_rf,117,0.12781196398920602,480,0.10833333333333334,
emobpy,modell_rf,118,0.10359572531806285,480,0.09791666666666667,
emobpy,modell_rf,119,0.21621303626370786,480,0.11875,
emobpy,modell_rf,120,0.10533764010574012,480,0.0625,
emobpy,modell_rf,121,0.21359207541456748,480,0.05416666666666667,
emobpy,modell_rf,122,0.18811123472898694,480,0.06875,
emobpy,modell_rf,123,0.22642862729218258,480,0.07708333333333334,
emobpy,modell_rf,124,0.297645365586201,480,0.08541666666666667,
emobpy,modell_rf,125,0.22006597086008053,480,0.07083333333333333,
emobpy,modell_rf,126,0.2513812422889601,480,0.06875,
emobpy,modell_rf,127,0.2949692468122535,480,0.13125,
emobpy,modell_rf,128,0.15950258780201634,480,0.12291666666666666,
emobpy,modell_rf,129,0.08871322923711222,480,0.0875,
emobpy,modell_rf,130,0.12253154668997898,480,0.12083333333333333,
emobpy,modell_rf,131,0.12971601621406598,480,0.10833333333333334,
emobpy,modell_rf,132,0.1572897533530414,480,0.11458333333333333,
emobpy,modell_rf,133,0.14068598339013003,480,0.08541666666666667,
emobpy,modell_rf,134,0.14564770633125718,480,0.08958333333333333,
emobpy,modell_rf,135,0.1954563100798058,480,0.09166666666666666,
emobpy,modell_rf,136,0.21169702393938095,480,0.11875,
emobpy,modell_rf,137,0.18471090194624934,480,0.1,
emobpy,modell_rf,138,0.18861627633359584,480,0.1,
emobpy,modell_rf,139,0.1955245284699983,480,0.15,
emobpy,modell_rf,140,0.14613445202325206,480,0.125,
emobpy,modell_rf,141,0.08071725433097915,480,0.075,
emobpy,modell_rf,142,0.10806157024108476,480,0.10625,
emobpy,modell_rf,143,0.16137081702672976,480,0.10416666666666667,
emobpy,modell_rf,144,0.12061750527176451,480,0.06875,
emobpy,modell_rf,145,0.16604525618257132,480,0.058333333333333334,
emobpy,modell_rf,146,0.24296139649211165,480,0.06875,
emobpy,modell_rf,147,0.33677687858692884,480,0.07916666666666666,
emobpy,modell_rf,148,0.21984552601144253,480,0.09583333333333334,
emobpy,modell_rf,149,0.22249264257287554,480,0.06875,
emobpy,modell_rf,150,0.2210572635850903,480,0.06041666666666667,
emobpy,modell_rf,151,0.19773553007661598,480,0.11666666666666667,
emobpy,modell_rf,152,0.16517192960552302,480,0.13958333333333334,
emobpy,modell_rf,153,0.10102991187370922,480,0.08541666666666667,
emobpy,modell_rf,154,0.11448597789255258,480,0.11666666666666667,
emobpy,modell_rf,155,0.18446350174415055,480,0.10833333333333334,
emobpy,modell_rf,156,0.09514267375366935,480,0.07083333333333333,
emobpy,modell_rf,157,0.10732176366593345,480,0.08958333333333333,
emobpy,modell_rf,158,0.17078787016490127,480,0.075,
emobpy,modell_rf,159,0.2163402803406622,480,0.09583333333333334,
emobpy,modell_rf,160,0.2008995862312782,480,0.12083333333333333,
emobpy,modell_rf,161,0.194641728608597,480,0.11458333333333333,
emobpy,modell_rf,162,0.21144857709029274,480,0.09166666666666666,
emobpy,modell_rf,163,0.14499238539373427,480,0.11666666666666667,
emobpy,modell_rf,164,0.20851524982806394,480,0.10833333333333334,
emobpy,modell_rf,165,0.10105449583152333,480,0.08541666666666667,
emobpy,modell_rf,166,0.08084670848799283,480,0.07291666666666667,
emobpy,modell_rf,167,0.10969490965856646,480,0.07916666666666666,
emobpy,modell_rf,168,0.10211279300757746,480,0.06666666666666667,
emobpy,modell_rf,-1,0.16664999900340705,11520,0.0954861111111111,1--24 h
emobpy,modell_rf,-1,0.1524626850773541,23040,0.09175347222222222,25--72 h
emobpy,modell_rf,-1,0.16416817276058118,46080,0.09652777777777778,73--168 h
emobpy,klimatologie,1,0.11084130869130868,480,0.052083333333333336,
emobpy,klimatologie,2,0.1300925925925926,480,0.04791666666666667,
emobpy,klimatologie,3,0.2200761975152219,480,0.08541666666666667,
emobpy,klimatologie,4,0.216983024691358,480,0.075,
emobpy,klimatologie,5,0.1996527777777778,480,0.06666666666666667,
emobpy,klimatologie,6,0.2247451963241437,480,0.07916666666666666,
emobpy,klimatologie,7,0.18340455840455838,480,0.1375,
emobpy,klimatologie,8,0.1768864047781958,480,0.13958333333333334,
emobpy,klimatologie,9,0.11403519156178732,480,0.09791666666666667,
emobpy,klimatologie,10,0.12232729204951429,480,0.09375,
emobpy,klimatologie,11,0.16397743570362616,480,0.13125,
emobpy,klimatologie,12,0.11054453262786597,480,0.075,
emobpy,klimatologie,13,0.11472798259088582,480,0.06458333333333334,
emobpy,klimatologie,14,0.12840277777777778,480,0.09166666666666666,
emobpy,klimatologie,15,0.16076821326821328,480,0.10833333333333334,
emobpy,klimatologie,16,0.25337600273084143,480,0.12916666666666668,
emobpy,klimatologie,17,0.23627865961199293,480,0.10625,
emobpy,klimatologie,18,0.18575224292615597,480,0.09583333333333334,
emobpy,klimatologie,19,0.2085164892977393,480,0.13333333333333333,
emobpy,klimatologie,20,0.17063702024019486,480,0.13125,
emobpy,klimatologie,21,0.10236285157337788,480,0.07916666666666666,
emobpy,klimatologie,22,0.11163007054673721,480,0.09375,
emobpy,klimatologie,23,0.10765392015392015,480,0.1,
emobpy,klimatologie,24,0.13427485927485927,480,0.07708333333333334,
emobpy,klimatologie,25,0.09833699633699633,480,0.052083333333333336,
emobpy,klimatologie,26,0.10891636141636142,480,0.05416666666666667,
emobpy,klimatologie,27,0.16666666666666666,480,0.05625,
emobpy,klimatologie,28,0.22060185185185185,480,0.075,
emobpy,klimatologie,29,0.15179526748971192,480,0.05625,
emobpy,klimatologie,30,0.1783950617283951,480,0.05625,
emobpy,klimatologie,31,0.16693168934240366,480,0.11666666666666667,
emobpy,klimatologie,32,0.11879945565290392,480,0.12083333333333333,
emobpy,klimatologie,33,0.11263880242141114,480,0.09583333333333334,
emobpy,klimatologie,34,0.1653435718804571,480,0.12708333333333333,
emobpy,klimatologie,35,0.15112373737373738,480,0.11666666666666667,
emobpy,klimatologie,36,0.13022202004344863,480,0.10208333333333333,
emobpy,klimatologie,37,0.13700223387723387,480,0.09166666666666666,
emobpy,klimatologie,38,0.13593450200593057,480,0.10208333333333333,
emobpy,klimatologie,39,0.1994217330538085,480,0.11041666666666666,
emobpy,klimatologie,40,0.21972212047212047,480,0.14583333333333334,
emobpy,klimatologie,41,0.18606210425882558,480,0.12708333333333333,
emobpy,klimatologie,42,0.1759339774557166,480,0.09583333333333334,
emobpy,klimatologie,43,0.20407822816913726,480,0.1375,
emobpy,klimatologie,44,0.16689899606566272,480,0.13125,
emobpy,klimatologie,45,0.12953601953601954,480,0.08125,
emobpy,klimatologie,46,0.09040167548500881,480,0.09375,
emobpy,klimatologie,47,0.10618840847499383,480,0.08541666666666667,
emobpy,klimatologie,48,0.08045025626547367,480,0.04791666666666667,
emobpy,klimatologie,49,0.1585562414266118,480,0.05625,
emobpy,klimatologie,50,0.09643801965230538,480,0.04375,
emobpy,klimatologie,51,0.12645617667356795,480,0.04791666666666667,
emobpy,klimatologie,52,0.14026188758331615,480,0.058333333333333334,
emobpy,klimatologie,53,0.1958974358974359,480,0.07083333333333333,
emobpy,klimatologie,54,0.12166666666666666,480,0.041666666666666664,
emobpy,klimatologie,55,0.1393347847121432,480,0.11041666666666666,
emobpy,klimatologie,56,0.1303325881396057,480,0.11875,
emobpy,klimatologie,57,0.10814110814110815,480,0.07708333333333334,
emobpy,klimatologie,58,0.14982560789378974,480,0.09166666666666666,
emobpy,klimatologie,59,0.15046546903028385,480,0.1125,
emobpy,klimatologie,60,0.1267550505050505,480,0.08333333333333333,
emobpy,klimatologie,61,0.10743646785313453,480,0.06875,
emobpy,klimatologie,62,0.1362033462033462,480,0.07708333333333334,
emobpy,klimatologie,63,0.20804035798716647,480,0.09791666666666667,
emobpy,klimatologie,64,0.24331409331409332,480,0.1375,
emobpy,klimatologie,65,0.17959368530020706,480,0.09583333333333334,
emobpy,klimatologie,66,0.19818181818181818,480,0.11458333333333333,
emobpy,klimatologie,67,0.1709085359085359,480,0.13125,
emobpy,klimatologie,68,0.1728846153846154,480,0.13541666666666666,
emobpy,klimatologie,69,0.13610063990383142,480,0.09791666666666667,
emobpy,klimatologie,70,0.1113251162417829,480,0.09375,
emobpy,klimatologie,71,0.13908323158323158,480,0.0875,
emobpy,klimatologie,72,0.14664589268755934,480,0.075,
emobpy,klimatologie,73,0.14042724819040608,480,0.07916666666666666,
emobpy,klimatologie,74,0.14041769041769042,480,0.07708333333333334,
emobpy,klimatologie,75,0.1685685134169983,480,0.06875,
emobpy,klimatologie,76,0.1872708333333333,480,0.08333333333333333,
emobpy,klimatologie,77,0.21639141414141416,480,0.08333333333333333,
emobpy,klimatologie,78,0.21191919191919192,480,0.06875,
emobpy,klimatologie,79,0.2154987135145865,480,0.13125,
emobpy,klimatologie,80,0.16644563769563767,480,0.13541666666666666,
emobpy,klimatologie,81,0.14283283141978792,480,0.09583333333333334,
emobpy,klimatologie,82,0.09339901974335937,480,0.11041666666666666,
emobpy,klimatologie,83,0.15399705581157194,480,0.12916666666666668,
emobpy,klimatologie,84,0.11966321557230647,480,0.09166666666666666,
emobpy,klimatologie,85,0.15663919413919414,480,0.08125,
emobpy,klimatologie,86,0.16341442374051068,480,0.09583333333333334,
emobpy,klimatologie,87,0.12267857142857143,480,0.07083333333333333,
emobpy,klimatologie,88,0.21716666666666667,480,0.125,
emobpy,klimatologie,89,0.20361607142857144,480,0.11666666666666667,
emobpy,klimatologie,90,0.20123030303030304,480,0.10416666666666667,
emobpy,klimatologie,91,0.1819308777642111,480,0.13125,
emobpy,klimatologie,92,0.1862401525415224,480,0.15208333333333332,
emobpy,klimatologie,93,0.10820033424625261,480,0.10208333333333333,
emobpy,klimatologie,94,0.1321321984026902,480,0.12708333333333333,
emobpy,klimatologie,95,0.1412727420402859,480,0.11875,
emobpy,klimatologie,96,0.12393395955895956,480,0.075,
emobpy,klimatologie,97,0.11070557794695725,480,0.06041666666666667,
emobpy,klimatologie,98,0.20315465258647075,480,0.06875,
emobpy,klimatologie,99,0.15225393819143818,480,0.06666666666666667,
emobpy,klimatologie,100,0.13966666666666666,480,0.0625,
emobpy,klimatologie,101,0.22521293070073556,480,0.08541666666666667,
emobpy,klimatologie,102,0.1870199692780338,480,0.06458333333333334,
emobpy,klimatologie,103,0.15526806822019587,480,0.09791666666666667,
emobpy,klimatologie,104,0.16231346483704975,480,0.11041666666666666,
emobpy,klimatologie,105,0.10268041712809155,480,0.08958333333333333,
emobpy,klimatologie,106,0.12745334031048317,480,0.10208333333333333,
emobpy,klimatologie,107,0.15306845670053215,480,0.11041666666666666,
emobpy,klimatologie,108,0.11957702020202021,480,0.09166666666666666,
emobpy,klimatologie,109,0.11260752688172042,480,0.06458333333333334,
emobpy,klimatologie,110,0.15473348348348348,480,0.07708333333333334,
emobpy,klimatologie,111,0.17795742323520103,480,0.1125,
emobpy,klimatologie,112,0.20349890513526878,480,0.11458333333333333,
emobpy,klimatologie,113,0.18947712418300655,480,0.10625,
emobpy,klimatologie,114,0.2136417748917749,480,0.11458333333333333,
emobpy,klimatologie,115,0.16670634920634922,480,0.14583333333333334,
emobpy,klimatologie,116,0.2130931671209449,480,0.16875,
emobpy,klimatologie,117,0.11150377400377401,480,0.10833333333333334,
emobpy,klimatologie,118,0.14492316784869977,480,0.09791666666666667,
emobpy,klimatologie,119,0.1702618288144604,480,0.11875,
emobpy,klimatologie,120,0.10165572390572392,480,0.0625,
emobpy,klimatologie,121,0.12561965811965814,480,0.05416666666666667,
emobpy,klimatologie,122,0.15359247234247234,480,0.06875,
emobpy,klimatologie,123,0.17537440037440036,480,0.07708333333333334,
emobpy,klimatologie,124,0.28577235772357723,480,0.08541666666666667,
emobpy,klimatologie,125,0.27443977591036417,480,0.07083333333333333,
emobpy,klimatologie,126,0.19202020202020204,480,0.06875,
emobpy,klimatologie,127,0.21329050138573946,480,0.13125,
emobpy,klimatologie,128,0.1504685678414492,480,0.12291666666666666,
emobpy,klimatologie,129,0.13196706291944385,480,0.0875,
emobpy,klimatologie,130,0.15289301056542434,480,0.12083333333333333,
emobpy,klimatologie,131,0.1140967365967366,480,0.10833333333333334,
emobpy,klimatologie,132,0.15535270285270286,480,0.11458333333333333,
emobpy,klimatologie,133,0.12340002815612572,480,0.08541666666666667,
emobpy,klimatologie,134,0.12175536672629694,480,0.08958333333333333,
emobpy,klimatologie,135,0.1746853146853147,480,0.09166666666666666,
emobpy,klimatologie,136,0.19022417153996102,480,0.11875,
emobpy,klimatologie,137,0.18212428774928774,480,0.1,
emobpy,klimatologie,138,0.19125578703703705,480,0.1,
emobpy,klimatologie,139,0.18996883903133904,480,0.15,
emobpy,klimatologie,140,0.13313888888888886,480,0.125,
emobpy,klimatologie,141,0.08925666925666927,480,0.075,
emobpy,klimatologie,142,0.1363251681143838,480,0.10625,
emobpy,klimatologie,143,0.15547619047619046,480,0.10416666666666667,
emobpy,klimatologie,144,0.11306758056758057,480,0.06875,
emobpy,klimatologie,145,0.13892195767195767,480,0.058333333333333334,
emobpy,klimatologie,146,0.14187710437710438,480,0.06875,
emobpy,klimatologie,147,0.2426754385964912,480,0.07916666666666666,
emobpy,klimatologie,148,0.22514675742936616,480,0.09583333333333334,
emobpy,klimatologie,149,0.1629100529100529,480,0.06875,
emobpy,klimatologie,150,0.15816788575409263,480,0.06041666666666667,
emobpy,klimatologie,151,0.17358932733932733,480,0.11666666666666667,
emobpy,klimatologie,152,0.18190863862505655,480,0.13958333333333334,
emobpy,klimatologie,153,0.11736100394636981,480,0.08541666666666667,
emobpy,klimatologie,154,0.12271116780045352,480,0.11666666666666667,
emobpy,klimatologie,155,0.1428846153846154,480,0.10833333333333334,
emobpy,klimatologie,156,0.09453314659197012,480,0.07083333333333333,
emobpy,klimatologie,157,0.16023852116875376,480,0.08958333333333333,
emobpy,klimatologie,158,0.11435886644219978,480,0.075,
emobpy,klimatologie,159,0.1855889118932597,480,0.09583333333333334,
emobpy,klimatologie,160,0.21660103785103785,480,0.12083333333333333,
emobpy,klimatologie,161,0.18657083657083656,480,0.11458333333333333,
emobpy,klimatologie,162,0.18792568542568544,480,0.09166666666666666,
emobpy,klimatologie,163,0.1742519385376528,480,0.11666666666666667,
emobpy,klimatologie,164,0.15113247863247864,480,0.10833333333333334,
emobpy,klimatologie,165,0.103972274338128,480,0.08541666666666667,
emobpy,klimatologie,166,0.11348289673289672,480,0.07291666666666667,
emobpy,klimatologie,167,0.12469354475933422,480,0.07916666666666666,
emobpy,klimatologie,168,0.11894664363414362,480,0.06666666666666667,
emobpy,klimatologie,-1,0.17788046660578677,11520,0.0954861111111111,1--24 h
emobpy,klimatologie,-1,0.16959941604813794,23040,0.09175347222222222,25--72 h
emobpy,klimatologie,-1,0.17268543942686557,46080,0.09652777777777778,73--168 h
emobpy,persistenz168,1,0.05431666666666667,480,0.052083333333333336,
emobpy,persistenz168,2,0.06030020703933747,480,0.04791666666666667,
emobpy,persistenz168,3,0.08549178154825027,480,0.08541666666666667,
emobpy,persistenz168,4,0.07767857142857142,480,0.075,
emobpy,persistenz168,5,0.08318965517241379,480,0.06666666666666667,
emobpy,persistenz168,6,0.0961622807017544,480,0.07916666666666666,
emobpy,persistenz168,7,0.13854472140762464,480,0.1375,
emobpy,persistenz168,8,0.14528695806680883,480,0.13958333333333334,
emobpy,persistenz168,9,0.10551531613097932,480,0.09791666666666667,
emobpy,persistenz168,10,0.10342078189300412,480,0.09375,
emobpy,persistenz168,11,0.13630952380952382,480,0.13125,
emobpy,persistenz168,12,0.08335210210210212,480,0.075,
emobpy,persistenz168,13,0.08264360498019241,480,0.06458333333333334,
emobpy,persistenz168,14,0.10359848484848486,480,0.09166666666666666,
emobpy,persistenz168,15,0.12756410256410258,480,0.10833333333333334,
emobpy,persistenz168,16,0.14103302611367127,480,0.12916666666666668,
emobpy,persistenz168,17,0.10979467258601555,480,0.10625,
emobpy,persistenz168,18,0.09998458217699661,480,0.09583333333333334,
emobpy,persistenz168,19,0.14748774509803922,480,0.13333333333333333,
emobpy,persistenz168,20,0.15481403013182676,480,0.13125,
emobpy,persistenz168,21,0.09457109343125254,480,0.07916666666666666,
emobpy,persistenz168,22,0.09834834834834834,480,0.09375,
emobpy,persistenz168,23,0.09979674796747968,480,0.1,
emobpy,persistenz168,24,0.07820434070434071,480,0.07708333333333334,
emobpy,persistenz168,25,0.05708333333333333,480,0.052083333333333336,
emobpy,persistenz168,26,0.055917159763313615,480,0.05416666666666667,
emobpy,persistenz168,27,0.0789021164021164,480,0.05625,
emobpy,persistenz168,28,0.07569444444444444,480,0.075,
emobpy,persistenz168,29,0.1021604938271605,480,0.05625,
emobpy,persistenz168,30,0.0601010101010101,480,0.05625,
emobpy,persistenz168,31,0.11758241758241758,480,0.11666666666666667,
emobpy,persistenz168,32,0.13181534232883557,480,0.12083333333333333,
emobpy,persistenz168,33,0.10602249747219414,480,0.09583333333333334,
emobpy,persistenz168,34,0.12799615002483855,480,0.12708333333333333,
emobpy,persistenz168,35,0.11970443349753696,480,0.11666666666666667,
emobpy,persistenz168,36,0.11130952380952382,480,0.10208333333333333,
emobpy,persistenz168,37,0.11382575757575758,480,0.09166666666666666,
emobpy,persistenz168,38,0.11102691076430572,480,0.10208333333333333,
emobpy,persistenz168,39,0.18686034877072613,480,0.11041666666666666,
emobpy,persistenz168,40,0.16328463203463203,480,0.14583333333333334,
emobpy,persistenz168,41,0.15630094956552898,480,0.12708333333333333,
emobpy,persistenz168,42,0.10876888683317916,480,0.09583333333333334,
emobpy,persistenz168,43,0.15866718027734977,480,0.1375,
emobpy,persistenz168,44,0.12727878464818765,480,0.13125,
emobpy,persistenz168,45,0.0817873303167421,480,0.08125,
emobpy,persistenz168,46,0.10283816425120773,480,0.09375,
emobpy,persistenz168,47,0.10258684405025868,480,0.08541666666666667,
emobpy,persistenz168,48,0.08939740655987796,480,0.04791666666666667,
emobpy,persistenz168,49,0.0619047619047619,480,0.05625,
emobpy,persistenz168,50,0.0430672268907563,480,0.04375,
emobpy,persistenz168,51,0.055159920039980014,480,0.04791666666666667,
emobpy,persistenz168,52,0.06316707717569786,480,0.058333333333333334,
emobpy,persistenz168,53,0.08774509803921568,480,0.07083333333333333,
emobpy,persistenz168,54,0.08723118279569891,480,0.041666666666666664,
emobpy,persistenz168,55,0.12972785360631608,480,0.11041666666666666,
emobpy,persistenz168,56,0.13449702886247877,480,0.11875,
emobpy,persistenz168,57,0.07636158886158886,480,0.07708333333333334,
emobpy,persistenz168,58,0.1030955042225534,480,0.09166666666666666,
emobpy,persistenz168,59,0.12533670033670036,480,0.1125,
emobpy,persistenz168,60,0.11650641025641026,480,0.08333333333333333,
emobpy,persistenz168,61,0.06825642791551884,480,0.06875,
emobpy,persistenz168,62,0.08543543543543544,480,0.07708333333333334,
emobpy,persistenz168,63,0.12016610675625233,480,0.09791666666666667,
emobpy,persistenz168,64,0.1463755199049317,480,0.1375,
emobpy,persistenz168,65,0.10315467266366818,480,0.09583333333333334,
emobpy,persistenz168,66,0.1380681818181818,480,0.11458333333333333,
emobpy,persistenz168,67,0.12762128325508607,480,0.13125,
emobpy,persistenz168,68,0.13446886446886447,480,0.13541666666666666,
emobpy,persistenz168,69,0.09881733816206428,480,0.09791666666666667,
emobpy,persistenz168,70,0.09876543209876543,480,0.09375,
emobpy,persistenz168,71,0.08875466853408029,480,0.0875,
emobpy,persistenz168,72,0.07767857142857142,480,0.075,
emobpy,persistenz168,73,0.08475877192982455,480,0.07916666666666666,
emobpy,persistenz168,74,0.08056306306306306,480,0.07708333333333334,
emobpy,persistenz168,75,0.07510904499540864,480,0.06875,
emobpy,persistenz168,76,0.08200757575757575,480,0.08333333333333333,
emobpy,persistenz168,77,0.091,480,0.08333333333333333,
emobpy,persistenz168,78,0.08350468975468976,480,0.06875,
emobpy,persistenz168,79,0.15676548397136633,480,0.13125,
emobpy,persistenz168,80,0.14772727272727273,480,0.13541666666666666,
emobpy,persistenz168,81,0.09378755744079181,480,0.09583333333333334,
emobpy,persistenz168,82,0.10788884857281084,480,0.11041666666666666,
emobpy,persistenz168,83,0.13461021505376344,480,0.12916666666666668,
emobpy,persistenz168,84,0.10662055335968378,480,0.09166666666666666,
emobpy,persistenz168,85,0.1089353776853777,480,0.08125,
emobpy,persistenz168,86,0.1015335355578025,480,0.09583333333333334,
emobpy,persistenz168,87,0.0689291101055807,480,0.07083333333333333,
emobpy,persistenz168,88,0.1480978260869565,480,0.125,
emobpy,persistenz168,89,0.16353383458646617,480,0.11666666666666667,
emobpy,persistenz168,90,0.11969696969696972,480,0.10416666666666667,
emobpy,persistenz168,91,0.15435405643738975,480,0.13125,
emobpy,persistenz168,92,0.1740420885447687,480,0.15208333333333332,
emobpy,persistenz168,93,0.10457708593641538,480,0.10208333333333333,
emobpy,persistenz168,94,0.1253135866865375,480,0.12708333333333333,
emobpy,persistenz168,95,0.12732793522267205,480,0.11875,
emobpy,persistenz168,96,0.07806267806267805,480,0.075,
emobpy,persistenz168,97,0.09552907369844489,480,0.06041666666666667,
emobpy,persistenz168,98,0.09261363636363637,480,0.06875,
emobpy,persistenz168,99,0.09583333333333334,480,0.06666666666666667,
emobpy,persistenz168,100,0.07060185185185186,480,0.0625,
emobpy,persistenz168,101,0.10343834688346884,480,0.08541666666666667,
emobpy,persistenz168,102,0.07289932362122789,480,0.06458333333333334,
emobpy,persistenz168,103,0.1105012894906512,480,0.09791666666666667,
emobpy,persistenz168,104,0.11004604672057502,480,0.11041666666666666,
emobpy,persistenz168,105,0.08793080871569244,480,0.08958333333333333,
emobpy,persistenz168,106,0.10555493936705117,480,0.10208333333333333,
emobpy,persistenz168,107,0.11004604672057502,480,0.11041666666666666,
emobpy,persistenz168,108,0.0914141414141414,480,0.09166666666666666,
emobpy,persistenz168,109,0.0698323429541596,480,0.06458333333333334,
emobpy,persistenz168,110,0.08714168714168716,480,0.07708333333333334,
emobpy,persistenz168,111,0.11426656920077974,480,0.1125,
emobpy,persistenz168,112,0.11404808959156784,480,0.11458333333333333,
emobpy,persistenz168,113,0.11326072881982982,480,0.10625,
emobpy,persistenz168,114,0.11886655011655012,480,0.11458333333333333,
emobpy,persistenz168,115,0.14315476190476192,480,0.14583333333333334,
emobpy,persistenz168,116,0.1771825396825397,480,0.16875,
emobpy,persistenz168,117,0.12168542839274547,480,0.10833333333333334,
emobpy,persistenz168,118,0.10104845129541179,480,0.09791666666666667,
emobpy,persistenz168,119,0.12960526315789472,480,0.11875,
emobpy,persistenz168,120,0.06736111111111111,480,0.0625,
emobpy,persistenz168,121,0.06176282051282052,480,0.05416666666666667,
emobpy,persistenz168,122,0.09521103896103897,480,0.06875,
emobpy,persistenz168,123,0.10033783783783784,480,0.07708333333333334,
emobpy,persistenz168,124,0.10782520325203251,480,0.08541666666666667,
emobpy,persistenz168,125,0.07872718052738337,480,0.07083333333333333,
emobpy,persistenz168,126,0.09144061583577713,480,0.06875,
emobpy,persistenz168,127,0.14492322291235335,480,0.13125,
emobpy,persistenz168,128,0.1259726502311248,480,0.12291666666666666,
emobpy,persistenz168,129,0.09148351648351648,480,0.0875,
emobpy,persistenz168,130,0.12385057471264369,480,0.12083333333333333,
emobpy,persistenz168,131,0.10580551523947751,480,0.10833333333333334,
emobpy,persistenz168,132,0.12588899196042053,480,0.11458333333333333,
emobpy,persistenz168,133,0.09426709708273553,480,0.08541666666666667,
emobpy,persistenz168,134,0.09153678047171367,480,0.08958333333333333,
emobpy,persistenz168,135,0.1298611111111111,480,0.09166666666666666,
emobpy,persistenz168,136,0.11898820326678766,480,0.11875,
emobpy,persistenz168,137,0.11636904761904762,480,0.1,
emobpy,persistenz168,138,0.10757575757575757,480,0.1,
emobpy,persistenz168,139,0.15529184247538677,480,0.15,
emobpy,persistenz168,140,0.12638888888888888,480,0.125,
emobpy,persistenz168,141,0.08111772486772487,480,0.075,
emobpy,persistenz168,142,0.10786764705882353,480,0.10625,
emobpy,persistenz168,143,0.11781666666666668,480,0.10416666666666667,
emobpy,persistenz168,144,0.06907267115600449,480,0.06875,
emobpy,persistenz168,145,0.08098544973544973,480,0.058333333333333334,
emobpy,persistenz168,146,0.08129017447199266,480,0.06875,
emobpy,persistenz168,147,0.14240047233468286,480,0.07916666666666666,
emobpy,persistenz168,148,0.1313707729468599,480,0.09583333333333334,
emobpy,persistenz168,149,0.10749458874458875,480,0.06875,
emobpy,persistenz168,150,0.06988088616981832,480,0.06041666666666667,
emobpy,persistenz168,151,0.13876488095238096,480,0.11666666666666667,
emobpy,persistenz168,152,0.13910690193102285,480,0.13958333333333334,
emobpy,persistenz168,153,0.08439314750290361,480,0.08541666666666667,
emobpy,persistenz168,154,0.13017399267399266,480,0.11666666666666667,
emobpy,persistenz168,155,0.12121548323471401,480,0.10833333333333334,
emobpy,persistenz168,156,0.1305392156862745,480,0.07083333333333333,
emobpy,persistenz168,157,0.09055232558139535,480,0.08958333333333333,
emobpy,persistenz168,158,0.07395833333333332,480,0.075,
emobpy,persistenz168,159,0.1054594861660079,480,0.09583333333333334,
emobpy,persistenz168,160,0.12385057471264369,480,0.12083333333333333,
emobpy,persistenz168,161,0.11638708513708512,480,0.11458333333333333,
emobpy,persistenz168,162,0.12604166666666666,480,0.09166666666666666,
emobpy,persistenz168,163,0.11937046004842615,480,0.11666666666666667,
emobpy,persistenz168,164,0.12067307692307692,480,0.10833333333333334,
emobpy,persistenz168,165,0.08637485481997678,480,0.08541666666666667,
emobpy,persistenz168,166,0.08058473389355743,480,0.07291666666666667,
emobpy,persistenz168,167,0.08040271132376395,480,0.07916666666666666,
emobpy,persistenz168,168,0.075,480,0.06666666666666667,
emobpy,persistenz168,-1,0.10460940490914981,11520,0.0954861111111111,1--24 h
emobpy,persistenz168,-1,0.10230227755656739,23040,0.09175347222222222,25--72 h
emobpy,persistenz168,-1,0.10546023066173335,46080,0.09652777777777778,73--168 h
emobpy,modell_lgbm,1,0.19592406555675967,480,0.052083333333333336,
emobpy,modell_lgbm,2,0.24241292533493247,480,0.04791666666666667,
emobpy,modell_lgbm,3,0.2324799085891084,480,0.08541666666666667,
emobpy,modell_lgbm,4,0.22470290750710564,480,0.075,
emobpy,modell_lgbm,5,0.26725866920743735,480,0.06666666666666667,
emobpy,modell_lgbm,6,0.2720112707762774,480,0.07916666666666666,
emobpy,modell_lgbm,7,0.1946202979046476,480,0.1375,
emobpy,modell_lgbm,8,0.1675087958536794,480,0.13958333333333334,
emobpy,modell_lgbm,9,0.10402719905880761,480,0.09791666666666667,
emobpy,modell_lgbm,10,0.10526425605217851,480,0.09375,
emobpy,modell_lgbm,11,0.16314999191537113,480,0.13125,
emobpy,modell_lgbm,12,0.1111358027810373,480,0.075,
emobpy,modell_lgbm,13,0.12950673555110373,480,0.06458333333333334,
emobpy,modell_lgbm,14,0.18389095281256923,480,0.09166666666666666,
emobpy,modell_lgbm,15,0.20183401683721852,480,0.10833333333333334,
emobpy,modell_lgbm,16,0.22375658654221897,480,0.12916666666666668,
emobpy,modell_lgbm,17,0.21005518777390117,480,0.10625,
emobpy,modell_lgbm,18,0.15585061669164904,480,0.09583333333333334,
emobpy,modell_lgbm,19,0.22131907716079796,480,0.13333333333333333,
emobpy,modell_lgbm,20,0.17241592569898576,480,0.13125,
emobpy,modell_lgbm,21,0.09301684004320962,480,0.07916666666666666,
emobpy,modell_lgbm,22,0.09208096221800213,480,0.09375,
emobpy,modell_lgbm,23,0.0945062692110778,480,0.1,
emobpy,modell_lgbm,24,0.13265890047643997,480,0.07708333333333334,
emobpy,modell_lgbm,25,0.1408149101296794,480,0.052083333333333336,
emobpy,modell_lgbm,26,0.13311751164599922,480,0.05416666666666667,
emobpy,modell_lgbm,27,0.27166726490721976,480,0.05625,
emobpy,modell_lgbm,28,0.18433461160353273,480,0.075,
emobpy,modell_lgbm,29,0.12312539421807794,480,0.05625,
emobpy,modell_lgbm,30,0.12830401256575538,480,0.05625,
emobpy,modell_lgbm,31,0.14203820152946361,480,0.11666666666666667,
emobpy,modell_lgbm,32,0.11558449950726973,480,0.12083333333333333,
emobpy,modell_lgbm,33,0.08744615729302688,480,0.09583333333333334,
emobpy,modell_lgbm,34,0.09454457359173107,480,0.12708333333333333,
emobpy,modell_lgbm,35,0.10745630510594276,480,0.11666666666666667,
emobpy,modell_lgbm,36,0.17631238002294702,480,0.10208333333333333,
emobpy,modell_lgbm,37,0.1582565451877189,480,0.09166666666666666,
emobpy,modell_lgbm,38,0.16736646428276689,480,0.10208333333333333,
emobpy,modell_lgbm,39,0.2640408582001497,480,0.11041666666666666,
emobpy,modell_lgbm,40,0.22473540386170215,480,0.14583333333333334,
emobpy,modell_lgbm,41,0.20275318295836695,480,0.12708333333333333,
emobpy,modell_lgbm,42,0.16474202181493694,480,0.09583333333333334,
emobpy,modell_lgbm,43,0.20598145481356253,480,0.1375,
emobpy,modell_lgbm,44,0.1774291777922185,480,0.13125,
emobpy,modell_lgbm,45,0.08352149304067297,480,0.08125,
emobpy,modell_lgbm,46,0.08047921513427805,480,0.09375,
emobpy,modell_lgbm,47,0.09949884041151665,480,0.08541666666666667,
emobpy,modell_lgbm,48,0.07894967664189412,480,0.04791666666666667,
emobpy,modell_lgbm,49,0.116704310267749,480,0.05625,
emobpy,modell_lgbm,50,0.080459216836244,480,0.04375,
emobpy,modell_lgbm,51,0.2271203755310385,480,0.04791666666666667,
emobpy,modell_lgbm,52,0.21751852005811656,480,0.058333333333333334,
emobpy,modell_lgbm,53,0.20129510827365835,480,0.07083333333333333,
emobpy,modell_lgbm,54,0.29663888404056415,480,0.041666666666666664,
emobpy,modell_lgbm,55,0.1626513491812534,480,0.11041666666666666,
emobpy,modell_lgbm,56,0.18047222129554402,480,0.11875,
emobpy,modell_lgbm,57,0.09246674424843307,480,0.07708333333333334,
emobpy,modell_lgbm,58,0.11486350179324178,480,0.09166666666666666,
emobpy,modell_lgbm,59,0.17211007365265957,480,0.1125,
emobpy,modell_lgbm,60,0.14489129914517085,480,0.08333333333333333,
emobpy,modell_lgbm,61,0.1250409996496568,480,0.06875,
emobpy,modell_lgbm,62,0.13800979605250557,480,0.07708333333333334,
emobpy,modell_lgbm,63,0.23209183528094343,480,0.09791666666666667,
emobpy,modell_lgbm,64,0.24688446243742446,480,0.1375,
emobpy,modell_lgbm,65,0.191727214402984,480,0.09583333333333334,
emobpy,modell_lgbm,66,0.17929870851400392,480,0.11458333333333333,
emobpy,modell_lgbm,67,0.13325837042318595,480,0.13125,
emobpy,modell_lgbm,68,0.14380361130129565,480,0.13541666666666666,
emobpy,modell_lgbm,69,0.10999246927740838,480,0.09791666666666667,
emobpy,modell_lgbm,70,0.09967351136819758,480,0.09375,
emobpy,modell_lgbm,71,0.12371809875132334,480,0.0875,
emobpy,modell_lgbm,72,0.1617506235966646,480,0.075,
emobpy,modell_lgbm,73,0.1857178123466912,480,0.07916666666666666,
emobpy,modell_lgbm,74,0.21281394766558323,480,0.07708333333333334,
emobpy,modell_lgbm,75,0.14634637881556933,480,0.06875,
emobpy,modell_lgbm,76,0.19442807213533353,480,0.08333333333333333,
emobpy,modell_lgbm,77,0.19492646854831217,480,0.08333333333333333,
emobpy,modell_lgbm,78,0.22543220024488253,480,0.06875,
emobpy,modell_lgbm,79,0.23537033234311283,480,0.13125,
emobpy,modell_lgbm,80,0.20123083065029684,480,0.13541666666666666,
emobpy,modell_lgbm,81,0.11131565833228672,480,0.09583333333333334,
emobpy,modell_lgbm,82,0.10222408339074865,480,0.11041666666666666,
emobpy,modell_lgbm,83,0.1920597657243029,480,0.12916666666666668,
emobpy,modell_lgbm,84,0.18082273927658976,480,0.09166666666666666,
emobpy,modell_lgbm,85,0.18117008718596783,480,0.08125,
emobpy,modell_lgbm,86,0.13435572236012258,480,0.09583333333333334,
emobpy,modell_lgbm,87,0.12651863501377167,480,0.07083333333333333,
emobpy,modell_lgbm,88,0.2477854840078531,480,0.125,
emobpy,modell_lgbm,89,0.2508158591940652,480,0.11666666666666667,
emobpy,modell_lgbm,90,0.2673064746674407,480,0.10416666666666667,
emobpy,modell_lgbm,91,0.18724562433447856,480,0.13125,
emobpy,modell_lgbm,92,0.19171108851715846,480,0.15208333333333332,
emobpy,modell_lgbm,93,0.1075045684644832,480,0.10208333333333333,
emobpy,modell_lgbm,94,0.13441078976167298,480,0.12708333333333333,
emobpy,modell_lgbm,95,0.16275560977474263,480,0.11875,
emobpy,modell_lgbm,96,0.1350950017136765,480,0.075,
emobpy,modell_lgbm,97,0.1971344670673518,480,0.06041666666666667,
emobpy,modell_lgbm,98,0.18678651892761533,480,0.06875,
emobpy,modell_lgbm,99,0.16135618558360956,480,0.06666666666666667,
emobpy,modell_lgbm,100,0.17701795886882185,480,0.0625,
emobpy,modell_lgbm,101,0.18154008447095968,480,0.08541666666666667,
emobpy,modell_lgbm,102,0.23059164963926101,480,0.06458333333333334,
emobpy,modell_lgbm,103,0.1715876516729537,480,0.09791666666666667,
emobpy,modell_lgbm,104,0.26515300056009866,480,0.11041666666666666,
emobpy,modell_lgbm,105,0.12531583110045685,480,0.08958333333333333,
emobpy,modell_lgbm,106,0.1281674428311727,480,0.10208333333333333,
emobpy,modell_lgbm,107,0.14525860365051124,480,0.11041666666666666,
emobpy,modell_lgbm,108,0.17348243288708023,480,0.09166666666666666,
emobpy,modell_lgbm,109,0.07988448453627478,480,0.06458333333333334,
emobpy,modell_lgbm,110,0.16696631571166282,480,0.07708333333333334,
emobpy,modell_lgbm,111,0.16688561775932387,480,0.1125,
emobpy,modell_lgbm,112,0.17291055520559248,480,0.11458333333333333,
emobpy,modell_lgbm,113,0.1759020232463644,480,0.10625,
emobpy,modell_lgbm,114,0.15988156426659472,480,0.11458333333333333,
emobpy,modell_lgbm,115,0.14855450730363506,480,0.14583333333333334,
emobpy,modell_lgbm,116,0.2410512275138057,480,0.16875,
emobpy,modell_lgbm,117,0.16412344652986166,480,0.10833333333333334,
emobpy,modell_lgbm,118,0.18232952113669967,480,0.09791666666666667,
emobpy,modell_lgbm,119,0.21258742179128576,480,0.11875,
emobpy,modell_lgbm,120,0.12268731395434099,480,0.0625,
emobpy,modell_lgbm,121,0.15802806370289874,480,0.05416666666666667,
emobpy,modell_lgbm,122,0.16444665138536604,480,0.06875,
emobpy,modell_lgbm,123,0.24807860763441522,480,0.07708333333333334,
emobpy,modell_lgbm,124,0.21384542245228638,480,0.08541666666666667,
emobpy,modell_lgbm,125,0.13765787354095954,480,0.07083333333333333,
emobpy,modell_lgbm,126,0.15558960226673665,480,0.06875,
emobpy,modell_lgbm,127,0.26738398455975715,480,0.13125,
emobpy,modell_lgbm,128,0.1542881789261662,480,0.12291666666666666,
emobpy,modell_lgbm,129,0.12917610917696545,480,0.0875,
emobpy,modell_lgbm,130,0.13686158859654296,480,0.12083333333333333,
emobpy,modell_lgbm,131,0.12354079169505931,480,0.10833333333333334,
emobpy,modell_lgbm,132,0.15952189284192114,480,0.11458333333333333,
emobpy,modell_lgbm,133,0.15366596507890481,480,0.08541666666666667,
emobpy,modell_lgbm,134,0.12506018285513104,480,0.08958333333333333,
emobpy,modell_lgbm,135,0.17892658847080667,480,0.09166666666666666,
emobpy,modell_lgbm,136,0.20773427934109562,480,0.11875,
emobpy,modell_lgbm,137,0.18191517547054947,480,0.1,
emobpy,modell_lgbm,138,0.18611318636375987,480,0.1,
emobpy,modell_lgbm,139,0.17268978821009512,480,0.15,
emobpy,modell_lgbm,140,0.1441348676807423,480,0.125,
emobpy,modell_lgbm,141,0.08595339653227285,480,0.075,
emobpy,modell_lgbm,142,0.13203290935038828,480,0.10625,
emobpy,modell_lgbm,143,0.14913941753410337,480,0.10416666666666667,
emobpy,modell_lgbm,144,0.12158600095559267,480,0.06875,
emobpy,modell_lgbm,145,0.18039129637258597,480,0.058333333333333334,
emobpy,modell_lgbm,146,0.1979224043383829,480,0.06875,
emobpy,modell_lgbm,147,0.2613454038176547,480,0.07916666666666666,
emobpy,modell_lgbm,148,0.23094687078831994,480,0.09583333333333334,
emobpy,modell_lgbm,149,0.18131688658156508,480,0.06875,
emobpy,modell_lgbm,150,0.13410465431450136,480,0.06041666666666667,
emobpy,modell_lgbm,151,0.1750143363535615,480,0.11666666666666667,
emobpy,modell_lgbm,152,0.16653472867385746,480,0.13958333333333334,
emobpy,modell_lgbm,153,0.10003365150089685,480,0.08541666666666667,
emobpy,modell_lgbm,154,0.11338763045080852,480,0.11666666666666667,
emobpy,modell_lgbm,155,0.19877980722600022,480,0.10833333333333334,
emobpy,modell_lgbm,156,0.15897077456153422,480,0.07083333333333333,
emobpy,modell_lgbm,157,0.1271527089542016,480,0.08958333333333333,
emobpy,modell_lgbm,158,0.14505388946616235,480,0.075,
emobpy,modell_lgbm,159,0.19020462563300136,480,0.09583333333333334,
emobpy,modell_lgbm,160,0.22613312987866754,480,0.12083333333333333,
emobpy,modell_lgbm,161,0.23487544755336032,480,0.11458333333333333,
emobpy,modell_lgbm,162,0.1846477894810659,480,0.09166666666666666,
emobpy,modell_lgbm,163,0.1791379251446837,480,0.11666666666666667,
emobpy,modell_lgbm,164,0.12558325834189338,480,0.10833333333333334,
emobpy,modell_lgbm,165,0.1091502471875865,480,0.08541666666666667,
emobpy,modell_lgbm,166,0.1337937203294143,480,0.07291666666666667,
emobpy,modell_lgbm,167,0.11624241123828674,480,0.07916666666666666,
emobpy,modell_lgbm,168,0.15266033263219012,480,0.06666666666666667,
emobpy,modell_lgbm,-1,0.17367374457347465,11520,0.0954861111111111,1--24 h
emobpy,modell_lgbm,-1,0.14689844404278962,23040,0.09175347222222222,25--72 h
emobpy,modell_lgbm,-1,0.15988506668208058,46080,0.09652777777777778,73--168 h
real_world_ev,modell_rf,1,,16,0.0,
real_world_ev,modell_rf,2,,16,0.0,
real_world_ev,modell_rf,3,,16,0.0,
real_world_ev,modell_rf,4,,16,0.0,
real_world_ev,modell_rf,5,,16,0.0,
real_world_ev,modell_rf,6,,16,0.0,
real_world_ev,modell_rf,7,,16,0.0,
real_world_ev,modell_rf,8,,16,0.0,
real_world_ev,modell_rf,9,,16,0.0,
real_world_ev,modell_rf,10,,16,0.0,
real_world_ev,modell_rf,11,0.07142857142857142,16,0.0625,
real_world_ev,modell_rf,12,0.07142857142857142,16,0.0625,
real_world_ev,modell_rf,13,,16,0.0,
real_world_ev,modell_rf,14,,16,0.0,
real_world_ev,modell_rf,15,,16,0.0,
real_world_ev,modell_rf,16,,16,0.0,
real_world_ev,modell_rf,17,,16,0.0,
real_world_ev,modell_rf,18,,16,0.0,
real_world_ev,modell_rf,19,,16,0.0,
real_world_ev,modell_rf,20,,16,0.0,
real_world_ev,modell_rf,21,,16,0.0,
real_world_ev,modell_rf,22,,16,0.0,
real_world_ev,modell_rf,23,,16,0.0,
real_world_ev,modell_rf,24,,16,0.0,
real_world_ev,modell_rf,25,,16,0.0,
real_world_ev,modell_rf,26,,16,0.0,
real_world_ev,modell_rf,27,,16,0.0,
real_world_ev,modell_rf,28,,16,0.0,
real_world_ev,modell_rf,29,,16,0.0,
real_world_ev,modell_rf,30,,16,0.0,
real_world_ev,modell_rf,31,,16,0.0,
real_world_ev,modell_rf,32,,16,0.0,
real_world_ev,modell_rf,33,,16,0.0,
real_world_ev,modell_rf,34,,16,0.0,
real_world_ev,modell_rf,35,,16,0.0,
real_world_ev,modell_rf,36,,16,0.0,
real_world_ev,modell_rf,37,0.08333333333333333,16,0.0625,
real_world_ev,modell_rf,38,,16,0.0,
real_world_ev,modell_rf,39,,16,0.0,
real_world_ev,modell_rf,40,,16,0.0,
real_world_ev,modell_rf,41,,16,0.0,
real_world_ev,modell_rf,42,,16,0.0,
real_world_ev,modell_rf,43,,16,0.0,
real_world_ev,modell_rf,44,,16,0.0,
real_world_ev,modell_rf,45,,16,0.0,
real_world_ev,modell_rf,46,,16,0.0,
real_world_ev,modell_rf,47,,16,0.0,
real_world_ev,modell_rf,48,,16,0.0,
real_world_ev,modell_rf,49,,16,0.0,
real_world_ev,modell_rf,50,,16,0.0,
real_world_ev,modell_rf,51,,16,0.0,
real_world_ev,modell_rf,52,,16,0.0,
real_world_ev,modell_rf,53,,16,0.0,
real_world_ev,modell_rf,54,,16,0.0,
real_world_ev,modell_rf,55,,16,0.0,
real_world_ev,modell_rf,56,,16,0.0,
real_world_ev,modell_rf,57,,16,0.0,
real_world_ev,modell_rf,58,,16,0.0,
real_world_ev,modell_rf,59,,16,0.0,
real_world_ev,modell_rf,60,,16,0.0,
real_world_ev,modell_rf,61,0.25,16,0.0625,
real_world_ev,modell_rf,62,0.2,16,0.0625,
real_world_ev,modell_rf,63,0.2,16,0.0625,
real_world_ev,modell_rf,64,0.16666666666666666,16,0.0625,
real_world_ev,modell_rf,65,0.2,16,0.0625,
real_world_ev,modell_rf,66,0.16666666666666666,16,0.0625,
real_world_ev,modell_rf,67,0.16666666666666666,16,0.0625,
real_world_ev,modell_rf,68,0.16666666666666666,16,0.0625,
real_world_ev,modell_rf,69,0.2,16,0.0625,
real_world_ev,modell_rf,70,0.2,16,0.0625,
real_world_ev,modell_rf,71,0.25,16,0.0625,
real_world_ev,modell_rf,72,0.25,16,0.0625,
real_world_ev,modell_rf,73,0.5,16,0.0625,
real_world_ev,modell_rf,74,,16,0.0,
real_world_ev,modell_rf,75,0.14285714285714285,16,0.0625,
real_world_ev,modell_rf,76,0.26785714285714285,16,0.125,
real_world_ev,modell_rf,77,0.14285714285714285,16,0.0625,
real_world_ev,modell_rf,78,0.14285714285714285,16,0.0625,
real_world_ev,modell_rf,79,0.14285714285714285,16,0.0625,
real_world_ev,modell_rf,80,0.14285714285714285,16,0.0625,
real_world_ev,modell_rf,81,0.14285714285714285,16,0.0625,
real_world_ev,modell_rf,82,0.14285714285714285,16,0.0625,
real_world_ev,modell_rf,83,0.14285714285714285,16,0.0625,
real_world_ev,modell_rf,84,,16,0.0,
real_world_ev,modell_rf,85,,16,0.0,
real_world_ev,modell_rf,86,0.06666666666666667,16,0.0625,
real_world_ev,modell_rf,87,0.06666666666666667,16,0.0625,
real_world_ev,modell_rf,88,0.06666666666666667,16,0.0625,
real_world_ev,modell_rf,89,0.06666666666666667,16,0.0625,
real_world_ev,modell_rf,90,0.06666666666666667,16,0.0625,
real_world_ev,modell_rf,91,0.06666666666666667,16,0.0625,
real_world_ev,modell_rf,92,0.06666666666666667,16,0.0625,
real_world_ev,modell_rf,93,0.06666666666666667,16,0.0625,
real_world_ev,modell_rf,94,0.06666666666666667,16,0.0625,
real_world_ev,modell_rf,95,,16,0.0,
real_world_ev,modell_rf,96,,16,0.0,
real_world_ev,modell_rf,97,,16,0.0,
real_world_ev,modell_rf,98,,16,0.0,
real_world_ev,modell_rf,99,,16,0.0,
real_world_ev,modell_rf,100,,16,0.0,
real_world_ev,modell_rf,101,,16,0.0,
real_world_ev,modell_rf,102,,16,0.0,
real_world_ev,modell_rf,103,,16,0.0,
real_world_ev,modell_rf,104,,16,0.0,
real_world_ev,modell_rf,105,,16,0.0,
real_world_ev,modell_rf,106,,16,0.0,
real_world_ev,modell_rf,107,0.1111111111111111,16,0.0625,
real_world_ev,modell_rf,108,0.1111111111111111,16,0.0625,
real_world_ev,modell_rf,109,,16,0.0,
real_world_ev,modell_rf,110,,16,0.0,
real_world_ev,modell_rf,111,,16,0.0,
real_world_ev,modell_rf,112,,16,0.0,
real_world_ev,modell_rf,113,,16,0.0,
real_world_ev,modell_rf,114,,16,0.0,
real_world_ev,modell_rf,115,,16,0.0,
real_world_ev,modell_rf,116,,16,0.0,
real_world_ev,modell_rf,117,,16,0.0,
real_world_ev,modell_rf,118,,16,0.0,
real_world_ev,modell_rf,119,,16,0.0,
real_world_ev,modell_rf,120,,16,0.0,
real_world_ev,modell_rf,121,,16,0.0,
real_world_ev,modell_rf,122,,16,0.0,
real_world_ev,modell_rf,123,,16,0.0,
real_world_ev,modell_rf,124,,16,0.0,
real_world_ev,modell_rf,125,,16,0.0,
real_world_ev,modell_rf,126,,16,0.0,
real_world_ev,modell_rf,127,,16,0.0,
real_world_ev,modell_rf,128,,16,0.0,
real_world_ev,modell_rf,129,,16,0.0,
real_world_ev,modell_rf,130,,16,0.0,
real_world_ev,modell_rf,131,,16,0.0,
real_world_ev,modell_rf,132,,16,0.0,
real_world_ev,modell_rf,133,,16,0.0,
real_world_ev,modell_rf,134,,16,0.0,
real_world_ev,modell_rf,135,,16,0.0,
real_world_ev,modell_rf,136,,16,0.0,
real_world_ev,modell_rf,137,,16,0.0,
real_world_ev,modell_rf,138,,16,0.0,
real_world_ev,modell_rf,139,,16,0.0,
real_world_ev,modell_rf,140,,16,0.0,
real_world_ev,modell_rf,141,,16,0.0,
real_world_ev,modell_rf,142,,16,0.0,
real_world_ev,modell_rf,143,,16,0.0,
real_world_ev,modell_rf,144,,16,0.0,
real_world_ev,modell_rf,145,0.16666666666666666,16,0.0625,
real_world_ev,modell_rf,146,,16,0.0,
real_world_ev,modell_rf,147,,16,0.0,
real_world_ev,modell_rf,148,,16,0.0,
real_world_ev,modell_rf,149,,16,0.0,
real_world_ev,modell_rf,150,,16,0.0,
real_world_ev,modell_rf,151,,16,0.0,
real_world_ev,modell_rf,152,,16,0.0,
real_world_ev,modell_rf,153,,16,0.0,
real_world_ev,modell_rf,154,,16,0.0,
real_world_ev,modell_rf,155,,16,0.0,
real_world_ev,modell_rf,156,,16,0.0,
real_world_ev,modell_rf,157,0.0625,16,0.0625,
real_world_ev,modell_rf,158,0.19166666666666665,16,0.125,
real_world_ev,modell_rf,159,0.19642857142857142,16,0.125,
real_world_ev,modell_rf,160,0.19642857142857142,16,0.125,
real_world_ev,modell_rf,161,0.07142857142857142,16,0.0625,
real_world_ev,modell_rf,162,0.07142857142857142,16,0.0625,
real_world_ev,modell_rf,163,0.07142857142857142,16,0.0625,
real_world_ev,modell_rf,164,0.06666666666666667,16,0.0625,
real_world_ev,modell_rf,165,0.07142857142857142,16,0.0625,
real_world_ev,modell_rf,166,0.07142857142857142,16,0.0625,
real_world_ev,modell_rf,167,0.07142857142857142,16,0.0625,
real_world_ev,modell_rf,168,0.07142857142857142,16,0.0625,
real_world_ev,modell_rf,-1,0.005070510884464373,384,0.005208333333333333,1--24 h
real_world_ev,modell_rf,-1,0.04606407804438145,768,0.016927083333333332,25--72 h
real_world_ev,modell_rf,-1,0.017764242372455087,1536,0.024739583333333332,73--168 h
real_world_ev,klimatologie,1,,16,0.0,
real_world_ev,klimatologie,2,,16,0.0,
real_world_ev,klimatologie,3,,16,0.0,
real_world_ev,klimatologie,4,,16,0.0,
real_world_ev,klimatologie,5,,16,0.0,
real_world_ev,klimatologie,6,,16,0.0,
real_world_ev,klimatologie,7,,16,0.0,
real_world_ev,klimatologie,8,,16,0.0,
real_world_ev,klimatologie,9,,16,0.0,
real_world_ev,klimatologie,10,,16,0.0,
real_world_ev,klimatologie,11,0.2,16,0.0625,
real_world_ev,klimatologie,12,0.25,16,0.0625,
real_world_ev,klimatologie,13,,16,0.0,
real_world_ev,klimatologie,14,,16,0.0,
real_world_ev,klimatologie,15,,16,0.0,
real_world_ev,klimatologie,16,,16,0.0,
real_world_ev,klimatologie,17,,16,0.0,
real_world_ev,klimatologie,18,,16,0.0,
real_world_ev,klimatologie,19,,16,0.0,
real_world_ev,klimatologie,20,,16,0.0,
real_world_ev,klimatologie,21,,16,0.0,
real_world_ev,klimatologie,22,,16,0.0,
real_world_ev,klimatologie,23,,16,0.0,
real_world_ev,klimatologie,24,,16,0.0,
real_world_ev,klimatologie,25,,16,0.0,
real_world_ev,klimatologie,26,,16,0.0,
real_world_ev,klimatologie,27,,16,0.0,
real_world_ev,klimatologie,28,,16,0.0,
real_world_ev,klimatologie,29,,16,0.0,
real_world_ev,klimatologie,30,,16,0.0,
real_world_ev,klimatologie,31,,16,0.0,
real_world_ev,klimatologie,32,,16,0.0,
real_world_ev,klimatologie,33,,16,0.0,
real_world_ev,klimatologie,34,,16,0.0,
real_world_ev,klimatologie,35,,16,0.0,
real_world_ev,klimatologie,36,,16,0.0,
real_world_ev,klimatologie,37,0.07142857142857142,16,0.0625,
real_world_ev,klimatologie,38,,16,0.0,
real_world_ev,klimatologie,39,,16,0.0,
real_world_ev,klimatologie,40,,16,0.0,
real_world_ev,klimatologie,41,,16,0.0,
real_world_ev,klimatologie,42,,16,0.0,
real_world_ev,klimatologie,43,,16,0.0,
real_world_ev,klimatologie,44,,16,0.0,
real_world_ev,klimatologie,45,,16,0.0,
real_world_ev,klimatologie,46,,16,0.0,
real_world_ev,klimatologie,47,,16,0.0,
real_world_ev,klimatologie,48,,16,0.0,
real_world_ev,klimatologie,49,,16,0.0,
real_world_ev,klimatologie,50,,16,0.0,
real_world_ev,klimatologie,51,,16,0.0,
real_world_ev,klimatologie,52,,16,0.0,
real_world_ev,klimatologie,53,,16,0.0,
real_world_ev,klimatologie,54,,16,0.0,
real_world_ev,klimatologie,55,,16,0.0,
real_world_ev,klimatologie,56,,16,0.0,
real_world_ev,klimatologie,57,,16,0.0,
real_world_ev,klimatologie,58,,16,0.0,
real_world_ev,klimatologie,59,,16,0.0,
real_world_ev,klimatologie,60,,16,0.0,
real_world_ev,klimatologie,61,0.07142857142857142,16,0.0625,
real_world_ev,klimatologie,62,0.07142857142857142,16,0.0625,
real_world_ev,klimatologie,63,0.07142857142857142,16,0.0625,
real_world_ev,klimatologie,64,0.1,16,0.0625,
real_world_ev,klimatologie,65,0.1,16,0.0625,
real_world_ev,klimatologie,66,0.1,16,0.0625,
real_world_ev,klimatologie,67,0.1,16,0.0625,
real_world_ev,klimatologie,68,0.1,16,0.0625,
real_world_ev,klimatologie,69,0.1,16,0.0625,
real_world_ev,klimatologie,70,0.1111111111111111,16,0.0625,
real_world_ev,klimatologie,71,0.07142857142857142,16,0.0625,
real_world_ev,klimatologie,72,0.14285714285714285,16,0.0625,
real_world_ev,klimatologie,73,0.1,16,0.0625,
real_world_ev,klimatologie,74,,16,0.0,
real_world_ev,klimatologie,75,0.125,16,0.0625,
real_world_ev,klimatologie,76,0.3333333333333333,16,0.125,
real_world_ev,klimatologie,77,0.08333333333333333,16,0.0625,
real_world_ev,klimatologie,78,0.08333333333333333,16,0.0625,
real_world_ev,klimatologie,79,0.08333333333333333,16,0.0625,
real_world_ev,klimatologie,80,0.08333333333333333,16,0.0625,
real_world_ev,klimatologie,81,0.08333333333333333,16,0.0625,
real_world_ev,klimatologie,82,0.08333333333333333,16,0.0625,
real_world_ev,klimatologie,83,0.08333333333333333,16,0.0625,
real_world_ev,klimatologie,84,,16,0.0,
real_world_ev,klimatologie,85,,16,0.0,
real_world_ev,klimatologie,86,0.07142857142857142,16,0.0625,
real_world_ev,klimatologie,87,0.0625,16,0.0625,
real_world_ev,klimatologie,88,0.0625,16,0.0625,
real_world_ev,klimatologie,89,0.0625,16,0.0625,
real_world_ev,klimatologie,90,0.0625,16,0.0625,
real_world_ev,klimatologie,91,0.0625,16,0.0625,
real_world_ev,klimatologie,92,0.0625,16,0.0625,
real_world_ev,klimatologie,93,0.0625,16,0.0625,
real_world_ev,klimatologie,94,0.0625,16,0.0625,
real_world_ev,klimatologie,95,,16,0.0,
real_world_ev,klimatologie,96,,16,0.0,
real_world_ev,klimatologie,97,,16,0.0,
real_world_ev,klimatologie,98,,16,0.0,
real_world_ev,klimatologie,99,,16,0.0,
real_world_ev,klimatologie,100,,16,0.0,
real_world_ev,klimatologie,101,,16,0.0,
real_world_ev,klimatologie,102,,16,0.0,
real_world_ev,klimatologie,103,,16,0.0,
real_world_ev,klimatologie,104,,16,0.0,
real_world_ev,klimatologie,105,,16,0.0,
real_world_ev,klimatologie,106,,16,0.0,
real_world_ev,klimatologie,107,0.3333333333333333,16,0.0625,
real_world_ev,klimatologie,108,0.5,16,0.0625,
real_world_ev,klimatologie,109,,16,0.0,
real_world_ev,klimatologie,110,,16,0.0,
real_world_ev,klimatologie,111,,16,0.0,
real_world_ev,klimatologie,112,,16,0.0,
real_world_ev,klimatologie,113,,16,0.0,
real_world_ev,klimatologie,114,,16,0.0,
real_world_ev,klimatologie,115,,16,0.0,
real_world_ev,klimatologie,116,,16,0.0,
real_world_ev,klimatologie,117,,16,0.0,
real_world_ev,klimatologie,118,,16,0.0,
real_world_ev,klimatologie,119,,16,0.0,
real_world_ev,klimatologie,120,,16,0.0,
real_world_ev,klimatologie,121,,16,0.0,
real_world_ev,klimatologie,122,,16,0.0,
real_world_ev,klimatologie,123,,16,0.0,
real_world_ev,klimatologie,124,,16,0.0,
real_world_ev,klimatologie,125,,16,0.0,
real_world_ev,klimatologie,126,,16,0.0,
real_world_ev,klimatologie,127,,16,0.0,
real_world_ev,klimatologie,128,,16,0.0,
real_world_ev,klimatologie,129,,16,0.0,
real_world_ev,klimatologie,130,,16,0.0,
real_world_ev,klimatologie,131,,16,0.0,
real_world_ev,klimatologie,132,,16,0.0,
real_world_ev,klimatologie,133,,16,0.0,
real_world_ev,klimatologie,134,,16,0.0,
real_world_ev,klimatologie,135,,16,0.0,
real_world_ev,klimatologie,136,,16,0.0,
real_world_ev,klimatologie,137,,16,0.0,
real_world_ev,klimatologie,138,,16,0.0,
real_world_ev,klimatologie,139,,16,0.0,
real_world_ev,klimatologie,140,,16,0.0,
real_world_ev,klimatologie,141,,16,0.0,
real_world_ev,klimatologie,142,,16,0.0,
real_world_ev,klimatologie,143,,16,0.0,
real_world_ev,klimatologie,144,,16,0.0,
real_world_ev,klimatologie,145,0.0625,16,0.0625,
real_world_ev,klimatologie,146,,16,0.0,
real_world_ev,klimatologie,147,,16,0.0,
real_world_ev,klimatologie,148,,16,0.0,
real_world_ev,klimatologie,149,,16,0.0,
real_world_ev,klimatologie,150,,16,0.0,
real_world_ev,klimatologie,151,,16,0.0,
real_world_ev,klimatologie,152,,16,0.0,
real_world_ev,klimatologie,153,,16,0.0,
real_world_ev,klimatologie,154,,16,0.0,
real_world_ev,klimatologie,155,,16,0.0,
real_world_ev,klimatologie,156,,16,0.0,
real_world_ev,klimatologie,157,0.06666666666666667,16,0.0625,
real_world_ev,klimatologie,158,0.10833333333333334,16,0.125,
real_world_ev,klimatologie,159,0.13333333333333333,16,0.125,
real_world_ev,klimatologie,160,0.11212121212121212,16,0.125,
real_world_ev,klimatologie,161,0.09090909090909091,16,0.0625,
real_world_ev,klimatologie,162,0.09090909090909091,16,0.0625,
real_world_ev,klimatologie,163,0.09090909090909091,16,0.0625,
real_world_ev,klimatologie,164,0.09090909090909091,16,0.0625,
real_world_ev,klimatologie,165,0.09090909090909091,16,0.0625,
real_world_ev,klimatologie,166,0.1111111111111111,16,0.0625,
real_world_ev,klimatologie,167,0.07692307692307693,16,0.0625,
real_world_ev,klimatologie,168,0.16666666666666666,16,0.0625,
real_world_ev,klimatologie,-1,0.02465986394557823,384,0.005208333333333333,1--24 h
real_world_ev,klimatologie,-1,0.018882467393057812,768,0.016927083333333332,25--72 h
real_world_ev,klimatologie,-1,0.022888812156822994,1536,0.024739583333333332,73--168 h
real_world_ev,persistenz168,1,,16,0.0,
real_world_ev,persistenz168,2,,16,0.0,
real_world_ev,persistenz168,3,,16,0.0,
real_world_ev,persistenz168,4,,16,0.0,
real_world_ev,persistenz168,5,,16,0.0,
real_world_ev,persistenz168,6,,16,0.0,
real_world_ev,persistenz168,7,,16,0.0,
real_world_ev,persistenz168,8,,16,0.0,
real_world_ev,persistenz168,9,,16,0.0,
real_world_ev,persistenz168,10,,16,0.0,
real_world_ev,persistenz168,11,0.0625,16,0.0625,
real_world_ev,persistenz168,12,0.0625,16,0.0625,
real_world_ev,persistenz168,13,,16,0.0,
real_world_ev,persistenz168,14,,16,0.0,
real_world_ev,persistenz168,15,,16,0.0,
real_world_ev,persistenz168,16,,16,0.0,
real_world_ev,persistenz168,17,,16,0.0,
real_world_ev,persistenz168,18,,16,0.0,
real_world_ev,persistenz168,19,,16,0.0,
real_world_ev,persistenz168,20,,16,0.0,
real_world_ev,persistenz168,21,,16,0.0,
real_world_ev,persistenz168,22,,16,0.0,
real_world_ev,persistenz168,23,,16,0.0,
real_world_ev,persistenz168,24,,16,0.0,
real_world_ev,persistenz168,25,,16,0.0,
real_world_ev,persistenz168,26,,16,0.0,
real_world_ev,persistenz168,27,,16,0.0,
real_world_ev,persistenz168,28,,16,0.0,
real_world_ev,persistenz168,29,,16,0.0,
real_world_ev,persistenz168,30,,16,0.0,
real_world_ev,persistenz168,31,,16,0.0,
real_world_ev,persistenz168,32,,16,0.0,
real_world_ev,persistenz168,33,,16,0.0,
real_world_ev,persistenz168,34,,16,0.0,
real_world_ev,persistenz168,35,,16,0.0,
real_world_ev,persistenz168,36,,16,0.0,
real_world_ev,persistenz168,37,0.0625,16,0.0625,
real_world_ev,persistenz168,38,,16,0.0,
real_world_ev,persistenz168,39,,16,0.0,
real_world_ev,persistenz168,40,,16,0.0,
real_world_ev,persistenz168,41,,16,0.0,
real_world_ev,persistenz168,42,,16,0.0,
real_world_ev,persistenz168,43,,16,0.0,
real_world_ev,persistenz168,44,,16,0.0,
real_world_ev,persistenz168,45,,16,0.0,
real_world_ev,persistenz168,46,,16,0.0,
real_world_ev,persistenz168,47,,16,0.0,
real_world_ev,persistenz168,48,,16,0.0,
real_world_ev,persistenz168,49,,16,0.0,
real_world_ev,persistenz168,50,,16,0.0,
real_world_ev,persistenz168,51,,16,0.0,
real_world_ev,persistenz168,52,,16,0.0,
real_world_ev,persistenz168,53,,16,0.0,
real_world_ev,persistenz168,54,,16,0.0,
real_world_ev,persistenz168,55,,16,0.0,
real_world_ev,persistenz168,56,,16,0.0,
real_world_ev,persistenz168,57,,16,0.0,
real_world_ev,persistenz168,58,,16,0.0,
real_world_ev,persistenz168,59,,16,0.0,
real_world_ev,persistenz168,60,,16,0.0,
real_world_ev,persistenz168,61,0.0625,16,0.0625,
real_world_ev,persistenz168,62,0.0625,16,0.0625,
real_world_ev,persistenz168,63,0.0625,16,0.0625,
real_world_ev,persistenz168,64,0.0625,16,0.0625,
real_world_ev,persistenz168,65,0.0625,16,0.0625,
real_world_ev,persistenz168,66,0.0625,16,0.0625,
real_world_ev,persistenz168,67,0.0625,16,0.0625,
real_world_ev,persistenz168,68,0.0625,16,0.0625,
real_world_ev,persistenz168,69,0.0625,16,0.0625,
real_world_ev,persistenz168,70,0.0625,16,0.0625,
real_world_ev,persistenz168,71,0.0625,16,0.0625,
real_world_ev,persistenz168,72,0.0625,16,0.0625,
real_world_ev,persistenz168,73,0.0625,16,0.0625,
real_world_ev,persistenz168,74,,16,0.0,
real_world_ev,persistenz168,75,0.0625,16,0.0625,
real_world_ev,persistenz168,76,0.125,16,0.125,
real_world_ev,persistenz168,77,0.0625,16,0.0625,
real_world_ev,persistenz168,78,0.0625,16,0.0625,
real_world_ev,persistenz168,79,0.0625,16,0.0625,
real_world_ev,persistenz168,80,0.0625,16,0.0625,
real_world_ev,persistenz168,81,0.0625,16,0.0625,
real_world_ev,persistenz168,82,0.0625,16,0.0625,
real_world_ev,persistenz168,83,0.0625,16,0.0625,
real_world_ev,persistenz168,84,,16,0.0,
real_world_ev,persistenz168,85,,16,0.0,
real_world_ev,persistenz168,86,0.0625,16,0.0625,
real_world_ev,persistenz168,87,0.0625,16,0.0625,
real_world_ev,persistenz168,88,0.0625,16,0.0625,
real_world_ev,persistenz168,89,0.0625,16,0.0625,
real_world_ev,persistenz168,90,0.0625,16,0.0625,
real_world_ev,persistenz168,91,0.0625,16,0.0625,
real_world_ev,persistenz168,92,0.0625,16,0.0625,
real_world_ev,persistenz168,93,0.0625,16,0.0625,
real_world_ev,persistenz168,94,0.0625,16,0.0625,
real_world_ev,persistenz168,95,,16,0.0,
real_world_ev,persistenz168,96,,16,0.0,
real_world_ev,persistenz168,97,,16,0.0,
real_world_ev,persistenz168,98,,16,0.0,
real_world_ev,persistenz168,99,,16,0.0,
real_world_ev,persistenz168,100,,16,0.0,
real_world_ev,persistenz168,101,,16,0.0,
real_world_ev,persistenz168,102,,16,0.0,
real_world_ev,persistenz168,103,,16,0.0,
real_world_ev,persistenz168,104,,16,0.0,
real_world_ev,persistenz168,105,,16,0.0,
real_world_ev,persistenz168,106,,16,0.0,
real_world_ev,persistenz168,107,0.0625,16,0.0625,
real_world_ev,persistenz168,108,0.0625,16,0.0625,
real_world_ev,persistenz168,109,,16,0.0,
real_world_ev,persistenz168,110,,16,0.0,
real_world_ev,persistenz168,111,,16,0.0,
real_world_ev,persistenz168,112,,16,0.0,
real_world_ev,persistenz168,113,,16,0.0,
real_world_ev,persistenz168,114,,16,0.0,
real_world_ev,persistenz168,115,,16,0.0,
real_world_ev,persistenz168,116,,16,0.0,
real_world_ev,persistenz168,117,,16,0.0,
real_world_ev,persistenz168,118,,16,0.0,
real_world_ev,persistenz168,119,,16,0.0,
real_world_ev,persistenz168,120,,16,0.0,
real_world_ev,persistenz168,121,,16,0.0,
real_world_ev,persistenz168,122,,16,0.0,
real_world_ev,persistenz168,123,,16,0.0,
real_world_ev,persistenz168,124,,16,0.0,
real_world_ev,persistenz168,125,,16,0.0,
real_world_ev,persistenz168,126,,16,0.0,
real_world_ev,persistenz168,127,,16,0.0,
real_world_ev,persistenz168,128,,16,0.0,
real_world_ev,persistenz168,129,,16,0.0,
real_world_ev,persistenz168,130,,16,0.0,
real_world_ev,persistenz168,131,,16,0.0,
real_world_ev,persistenz168,132,,16,0.0,
real_world_ev,persistenz168,133,,16,0.0,
real_world_ev,persistenz168,134,,16,0.0,
real_world_ev,persistenz168,135,,16,0.0,
real_world_ev,persistenz168,136,,16,0.0,
real_world_ev,persistenz168,137,,16,0.0,
real_world_ev,persistenz168,138,,16,0.0,
real_world_ev,persistenz168,139,,16,0.0,
real_world_ev,persistenz168,140,,16,0.0,
real_world_ev,persistenz168,141,,16,0.0,
real_world_ev,persistenz168,142,,16,0.0,
real_world_ev,persistenz168,143,,16,0.0,
real_world_ev,persistenz168,144,,16,0.0,
real_world_ev,persistenz168,145,0.0625,16,0.0625,
real_world_ev,persistenz168,146,,16,0.0,
real_world_ev,persistenz168,147,,16,0.0,
real_world_ev,persistenz168,148,,16,0.0,
real_world_ev,persistenz168,149,,16,0.0,
real_world_ev,persistenz168,150,,16,0.0,
real_world_ev,persistenz168,151,,16,0.0,
real_world_ev,persistenz168,152,,16,0.0,
real_world_ev,persistenz168,153,,16,0.0,
real_world_ev,persistenz168,154,,16,0.0,
real_world_ev,persistenz168,155,,16,0.0,
real_world_ev,persistenz168,156,,16,0.0,
real_world_ev,persistenz168,157,0.0625,16,0.0625,
real_world_ev,persistenz168,158,0.125,16,0.125,
real_world_ev,persistenz168,159,0.125,16,0.125,
real_world_ev,persistenz168,160,0.125,16,0.125,
real_world_ev,persistenz168,161,0.0625,16,0.0625,
real_world_ev,persistenz168,162,0.0625,16,0.0625,
real_world_ev,persistenz168,163,0.0625,16,0.0625,
real_world_ev,persistenz168,164,0.0625,16,0.0625,
real_world_ev,persistenz168,165,0.0625,16,0.0625,
real_world_ev,persistenz168,166,0.0625,16,0.0625,
real_world_ev,persistenz168,167,0.0625,16,0.0625,
real_world_ev,persistenz168,168,0.0625,16,0.0625,
real_world_ev,persistenz168,-1,0.005208333333333333,384,0.005208333333333333,1--24 h
real_world_ev,persistenz168,-1,0.016927083333333332,768,0.016927083333333332,25--72 h
real_world_ev,persistenz168,-1,0.024739583333333332,1536,0.024739583333333332,73--168 h
real_world_ev,modell_lgbm,1,,16,0.0,
real_world_ev,modell_lgbm,2,,16,0.0,
real_world_ev,modell_lgbm,3,,16,0.0,
real_world_ev,modell_lgbm,4,,16,0.0,
real_world_ev,modell_lgbm,5,,16,0.0,
real_world_ev,modell_lgbm,6,,16,0.0,
real_world_ev,modell_lgbm,7,,16,0.0,
real_world_ev,modell_lgbm,8,,16,0.0,
real_world_ev,modell_lgbm,9,,16,0.0,
real_world_ev,modell_lgbm,10,,16,0.0,
real_world_ev,modell_lgbm,11,0.1,16,0.0625,
real_world_ev,modell_lgbm,12,0.125,16,0.0625,
real_world_ev,modell_lgbm,13,,16,0.0,
real_world_ev,modell_lgbm,14,,16,0.0,
real_world_ev,modell_lgbm,15,,16,0.0,
real_world_ev,modell_lgbm,16,,16,0.0,
real_world_ev,modell_lgbm,17,,16,0.0,
real_world_ev,modell_lgbm,18,,16,0.0,
real_world_ev,modell_lgbm,19,,16,0.0,
real_world_ev,modell_lgbm,20,,16,0.0,
real_world_ev,modell_lgbm,21,,16,0.0,
real_world_ev,modell_lgbm,22,,16,0.0,
real_world_ev,modell_lgbm,23,,16,0.0,
real_world_ev,modell_lgbm,24,,16,0.0,
real_world_ev,modell_lgbm,25,,16,0.0,
real_world_ev,modell_lgbm,26,,16,0.0,
real_world_ev,modell_lgbm,27,,16,0.0,
real_world_ev,modell_lgbm,28,,16,0.0,
real_world_ev,modell_lgbm,29,,16,0.0,
real_world_ev,modell_lgbm,30,,16,0.0,
real_world_ev,modell_lgbm,31,,16,0.0,
real_world_ev,modell_lgbm,32,,16,0.0,
real_world_ev,modell_lgbm,33,,16,0.0,
real_world_ev,modell_lgbm,34,,16,0.0,
real_world_ev,modell_lgbm,35,,16,0.0,
real_world_ev,modell_lgbm,36,,16,0.0,
real_world_ev,modell_lgbm,37,0.09090909090909091,16,0.0625,
real_world_ev,modell_lgbm,38,,16,0.0,
real_world_ev,modell_lgbm,39,,16,0.0,
real_world_ev,modell_lgbm,40,,16,0.0,
real_world_ev,modell_lgbm,41,,16,0.0,
real_world_ev,modell_lgbm,42,,16,0.0,
real_world_ev,modell_lgbm,43,,16,0.0,
real_world_ev,modell_lgbm,44,,16,0.0,
real_world_ev,modell_lgbm,45,,16,0.0,
real_world_ev,modell_lgbm,46,,16,0.0,
real_world_ev,modell_lgbm,47,,16,0.0,
real_world_ev,modell_lgbm,48,,16,0.0,
real_world_ev,modell_lgbm,49,,16,0.0,
real_world_ev,modell_lgbm,50,,16,0.0,
real_world_ev,modell_lgbm,51,,16,0.0,
real_world_ev,modell_lgbm,52,,16,0.0,
real_world_ev,modell_lgbm,53,,16,0.0,
real_world_ev,modell_lgbm,54,,16,0.0,
real_world_ev,modell_lgbm,55,,16,0.0,
real_world_ev,modell_lgbm,56,,16,0.0,
real_world_ev,modell_lgbm,57,,16,0.0,
real_world_ev,modell_lgbm,58,,16,0.0,
real_world_ev,modell_lgbm,59,,16,0.0,
real_world_ev,modell_lgbm,60,,16,0.0,
real_world_ev,modell_lgbm,61,0.1,16,0.0625,
real_world_ev,modell_lgbm,62,0.1,16,0.0625,
real_world_ev,modell_lgbm,63,0.1111111111111111,16,0.0625,
real_world_ev,modell_lgbm,64,0.1111111111111111,16,0.0625,
real_world_ev,modell_lgbm,65,0.1111111111111111,16,0.0625,
real_world_ev,modell_lgbm,66,0.1111111111111111,16,0.0625,
real_world_ev,modell_lgbm,67,0.1111111111111111,16,0.0625,
real_world_ev,modell_lgbm,68,0.125,16,0.0625,
real_world_ev,modell_lgbm,69,0.125,16,0.0625,
real_world_ev,modell_lgbm,70,0.125,16,0.0625,
real_world_ev,modell_lgbm,71,0.125,16,0.0625,
real_world_ev,modell_lgbm,72,0.25,16,0.0625,
real_world_ev,modell_lgbm,73,0.3333333333333333,16,0.0625,
real_world_ev,modell_lgbm,74,,16,0.0,
real_world_ev,modell_lgbm,75,0.06666666666666667,16,0.0625,
real_world_ev,modell_lgbm,76,0.31666666666666665,16,0.125,
real_world_ev,modell_lgbm,77,0.0625,16,0.0625,
real_world_ev,modell_lgbm,78,0.0625,16,0.0625,
real_world_ev,modell_lgbm,79,0.0625,16,0.0625,
real_world_ev,modell_lgbm,80,0.0625,16,0.0625,
real_world_ev,modell_lgbm,81,0.0625,16,0.0625,
real_world_ev,modell_lgbm,82,0.0625,16,0.0625,
real_world_ev,modell_lgbm,83,0.0625,16,0.0625,
real_world_ev,modell_lgbm,84,,16,0.0,
real_world_ev,modell_lgbm,85,,16,0.0,
real_world_ev,modell_lgbm,86,0.09090909090909091,16,0.0625,
real_world_ev,modell_lgbm,87,0.09090909090909091,16,0.0625,
real_world_ev,modell_lgbm,88,0.07692307692307693,16,0.0625,
real_world_ev,modell_lgbm,89,0.07692307692307693,16,0.0625,
real_world_ev,modell_lgbm,90,0.07692307692307693,16,0.0625,
real_world_ev,modell_lgbm,91,0.07692307692307693,16,0.0625,
real_world_ev,modell_lgbm,92,0.08333333333333333,16,0.0625,
real_world_ev,modell_lgbm,93,0.08333333333333333,16,0.0625,
real_world_ev,modell_lgbm,94,0.08333333333333333,16,0.0625,
real_world_ev,modell_lgbm,95,,16,0.0,
real_world_ev,modell_lgbm,96,,16,0.0,
real_world_ev,modell_lgbm,97,,16,0.0,
real_world_ev,modell_lgbm,98,,16,0.0,
real_world_ev,modell_lgbm,99,,16,0.0,
real_world_ev,modell_lgbm,100,,16,0.0,
real_world_ev,modell_lgbm,101,,16,0.0,
real_world_ev,modell_lgbm,102,,16,0.0,
real_world_ev,modell_lgbm,103,,16,0.0,
real_world_ev,modell_lgbm,104,,16,0.0,
real_world_ev,modell_lgbm,105,,16,0.0,
real_world_ev,modell_lgbm,106,,16,0.0,
real_world_ev,modell_lgbm,107,0.16666666666666666,16,0.0625,
real_world_ev,modell_lgbm,108,0.08333333333333333,16,0.0625,
real_world_ev,modell_lgbm,109,,16,0.0,
real_world_ev,modell_lgbm,110,,16,0.0,
real_world_ev,modell_lgbm,111,,16,0.0,
real_world_ev,modell_lgbm,112,,16,0.0,
real_world_ev,modell_lgbm,113,,16,0.0,
real_world_ev,modell_lgbm,114,,16,0.0,
real_world_ev,modell_lgbm,115,,16,0.0,
real_world_ev,modell_lgbm,116,,16,0.0,
real_world_ev,modell_lgbm,117,,16,0.0,
real_world_ev,modell_lgbm,118,,16,0.0,
real_world_ev,modell_lgbm,119,,16,0.0,
real_world_ev,modell_lgbm,120,,16,0.0,
real_world_ev,modell_lgbm,121,,16,0.0,
real_world_ev,modell_lgbm,122,,16,0.0,
real_world_ev,modell_lgbm,123,,16,0.0,
real_world_ev,modell_lgbm,124,,16,0.0,
real_world_ev,modell_lgbm,125,,16,0.0,
real_world_ev,modell_lgbm,126,,16,0.0,
real_world_ev,modell_lgbm,127,,16,0.0,
real_world_ev,modell_lgbm,128,,16,0.0,
real_world_ev,modell_lgbm,129,,16,0.0,
real_world_ev,modell_lgbm,130,,16,0.0,
real_world_ev,modell_lgbm,131,,16,0.0,
real_world_ev,modell_lgbm,132,,16,0.0,
real_world_ev,modell_lgbm,133,,16,0.0,
real_world_ev,modell_lgbm,134,,16,0.0,
real_world_ev,modell_lgbm,135,,16,0.0,
real_world_ev,modell_lgbm,136,,16,0.0,
real_world_ev,modell_lgbm,137,,16,0.0,
real_world_ev,modell_lgbm,138,,16,0.0,
real_world_ev,modell_lgbm,139,,16,0.0,
real_world_ev,modell_lgbm,140,,16,0.0,
real_world_ev,modell_lgbm,141,,16,0.0,
real_world_ev,modell_lgbm,142,,16,0.0,
real_world_ev,modell_lgbm,143,,16,0.0,
real_world_ev,modell_lgbm,144,,16,0.0,
real_world_ev,modell_lgbm,145,1.0,16,0.0625,
real_world_ev,modell_lgbm,146,,16,0.0,
real_world_ev,modell_lgbm,147,,16,0.0,
real_world_ev,modell_lgbm,148,,16,0.0,
real_world_ev,modell_lgbm,149,,16,0.0,
real_world_ev,modell_lgbm,150,,16,0.0,
real_world_ev,modell_lgbm,151,,16,0.0,
real_world_ev,modell_lgbm,152,,16,0.0,
real_world_ev,modell_lgbm,153,,16,0.0,
real_world_ev,modell_lgbm,154,,16,0.0,
real_world_ev,modell_lgbm,155,,16,0.0,
real_world_ev,modell_lgbm,156,,16,0.0,
real_world_ev,modell_lgbm,157,0.07692307692307693,16,0.0625,
real_world_ev,modell_lgbm,158,0.12237762237762238,16,0.125,
real_world_ev,modell_lgbm,159,0.11858974358974358,16,0.125,
real_world_ev,modell_lgbm,160,0.11688311688311688,16,0.125,
real_world_ev,modell_lgbm,161,0.07142857142857142,16,0.0625,
real_world_ev,modell_lgbm,162,0.07142857142857142,16,0.0625,
real_world_ev,modell_lgbm,163,0.07142857142857142,16,0.0625,
real_world_ev,modell_lgbm,164,0.07142857142857142,16,0.0625,
real_world_ev,modell_lgbm,165,0.07142857142857142,16,0.0625,
real_world_ev,modell_lgbm,166,0.07142857142857142,16,0.0625,
real_world_ev,modell_lgbm,167,0.07142857142857142,16,0.0625,
real_world_ev,modell_lgbm,168,0.07142857142857142,16,0.0625,
real_world_ev,modell_lgbm,-1,0.006779984721161192,384,0.005208333333333333,1--24 h
real_world_ev,modell_lgbm,-1,0.020973633210290124,768,0.016927083333333332,25--72 h
real_world_ev,modell_lgbm,-1,0.016145579620024803,1536,0.024739583333333332,73--168 h
routine,modell_rf,1,1.0,16,0.125,
routine,modell_rf,2,1.0,16,0.125,
routine,modell_rf,3,1.0,16,0.4375,
routine,modell_rf,4,0.852857142857143,16,0.3125,
routine,modell_rf,5,0.8551587301587301,16,0.375,
routine,modell_rf,6,0.9589457550996012,16,0.8125,
routine,modell_rf,7,0.8146825396825397,16,0.5625,
routine,modell_rf,8,0.3988095238095238,16,0.25,
routine,modell_rf,9,0.3694444444444444,16,0.1875,
routine,modell_rf,10,,16,0.0,
routine,modell_rf,11,1.0,16,0.125,
routine,modell_rf,12,1.0,16,0.125,
routine,modell_rf,13,1.0,16,0.125,
routine,modell_rf,14,1.0,16,0.125,
routine,modell_rf,15,0.9821428571428572,16,0.4375,
routine,modell_rf,16,1.0,16,0.375,
routine,modell_rf,17,0.6116666666666666,16,0.3125,
routine,modell_rf,18,0.984159779614325,16,0.6875,
routine,modell_rf,19,0.8158119658119658,16,0.5,
routine,modell_rf,20,0.48333333333333334,16,0.25,
routine,modell_rf,21,0.44047619047619047,16,0.25,
routine,modell_rf,22,,16,0.0,
routine,modell_rf,23,0.3333333333333333,16,0.0625,
routine,modell_rf,24,0.5833333333333333,16,0.125,
routine,modell_rf,25,0.5833333333333333,16,0.125,
routine,modell_rf,26,0.5833333333333333,16,0.125,
routine,modell_rf,27,0.9305555555555556,16,0.375,
routine,modell_rf,28,0.47619047619047616,16,0.1875,
routine,modell_rf,29,0.5961904761904762,16,0.3125,
routine,modell_rf,30,0.9354365079365079,16,0.625,
routine,modell_rf,31,0.7306122448979592,16,0.4375,
routine,modell_rf,32,0.775,16,0.25,
routine,modell_rf,33,0.6805555555555556,16,0.1875,
routine,modell_rf,34,,16,0.0,
routine,modell_rf,35,0.5,16,0.0625,
routine,modell_rf,36,0.5833333333333333,16,0.125,
routine,modell_rf,37,0.5833333333333333,16,0.125,
routine,modell_rf,38,0.5833333333333333,16,0.125,
routine,modell_rf,39,0.9617346938775511,16,0.4375,
routine,modell_rf,40,0.5926190476190476,16,0.3125,
routine,modell_rf,41,0.4859523809523809,16,0.3125,
routine,modell_rf,42,0.9462343212343212,16,0.75,
routine,modell_rf,43,0.8808080808080808,16,0.5625,
routine,modell_rf,44,0.6595238095238095,16,0.3125,
routine,modell_rf,45,0.7,16,0.125,
routine,modell_rf,46,,16,0.0,
routine,modell_rf,47,1.0,16,0.125,
routine,modell_rf,48,1.0,16,0.125,
routine,modell_rf,49,1.0,16,0.125,
routine,modell_rf,50,1.0,16,0.125,
routine,modell_rf,51,0.9821428571428572,16,0.4375,
routine,modell_rf,52,0.8972222222222223,16,0.375,
routine,modell_rf,53,0.525,16,0.25,
routine,modell_rf,54,0.966923076923077,16,0.625,
routine,modell_rf,55,0.9297008547008547,16,0.5625,
routine,modell_rf,56,0.5392857142857144,16,0.3125,
routine,modell_rf,57,0.3472222222222222,16,0.1875,
routine,modell_rf,58,,16,0.0,
routine,modell_rf,59,0.3333333333333333,16,0.0625,
routine,modell_rf,60,0.5833333333333333,16,0.125,
routine,modell_rf,61,0.5833333333333333,16,0.125,
routine,modell_rf,62,0.8333333333333333,16,0.125,
routine,modell_rf,63,0.9107142857142857,16,0.375,
routine,modell_rf,64,0.525,16,0.25,
routine,modell_rf,65,0.6116666666666666,16,0.3125,
routine,modell_rf,66,0.9777495232040687,16,0.6875,
routine,modell_rf,67,0.9115961199294532,16,0.5625,
routine,modell_rf,68,0.7961904761904761,16,0.3125,
routine,modell_rf,69,0.4583333333333333,16,0.1875,
routine,modell_rf,70,,16,0.0,
routine,modell_rf,71,1.0,16,0.0625,
routine,modell_rf,72,0.8333333333333333,16,0.125,
routine,modell_rf,73,0.8333333333333333,16,0.125,
routine,modell_rf,74,0.8333333333333333,16,0.125,
routine,modell_rf,75,0.9617346938775511,16,0.4375,
routine,modell_rf,76,0.6968253968253968,16,0.375,
routine,modell_rf,77,0.4859523809523809,16,0.3125,
routine,modell_rf,78,0.9493303704842166,16,0.8125,
routine,modell_rf,79,0.9073260073260072,16,0.625,
routine,modell_rf,80,0.915079365079365,16,0.375,
routine,modell_rf,81,0.41666666666666663,16,0.125,
routine,modell_rf,82,,16,0.0,
routine,modell_rf,83,1.0,16,0.125,
routine,modell_rf,84,1.0,16,0.125,
routine,modell_rf,85,1.0,16,0.125,
routine,modell_rf,86,1.0,16,0.125,
routine,modell_rf,87,0.9821428571428572,16,0.4375,
routine,modell_rf,88,0.9484126984126984,16,0.375,
routine,modell_rf,89,0.4206349206349206,16,0.1875,
routine,modell_rf,90,0.9697979797979798,16,0.625,
routine,modell_rf,91,0.9534662867996202,16,0.5625,
routine,modell_rf,92,0.8555555555555556,16,0.375,
routine,modell_rf,93,0.625,16,0.25,
routine,modell_rf,94,,16,0.0,
routine,modell_rf,95,0.5,16,0.0625,
routine,modell_rf,96,0.5833333333333333,16,0.125,
routine,modell_rf,97,0.8333333333333333,16,0.125,
routine,modell_rf,98,1.0,16,0.125,
routine,modell_rf,99,0.9107142857142857,16,0.375,
routine,modell_rf,100,0.5666666666666667,16,0.25,
routine,modell_rf,101,0.4303571428571429,16,0.25,
routine,modell_rf,102,0.9866452991452991,16,0.75,
routine,modell_rf,103,0.9380952380952381,16,0.5625,
routine,modell_rf,104,0.9583333333333334,16,0.375,
routine,modell_rf,105,0.6041666666666666,16,0.25,
routine,modell_rf,106,,16,0.0,
routine,modell_rf,107,,16,0.0,
routine,modell_rf,108,0.5,16,0.0625,
routine,modell_rf,109,0.5,16,0.0625,
routine,modell_rf,110,0.41666666666666663,16,0.125,
routine,modell_rf,111,0.9821428571428572,16,0.4375,
routine,modell_rf,112,0.8178571428571428,16,0.375,
routine,modell_rf,113,0.4859523809523809,16,0.3125,
routine,modell_rf,114,0.9901360544217688,16,0.875,
routine,modell_rf,115,0.9158974358974359,16,0.625,
routine,modell_rf,116,0.7345238095238095,16,0.375,
routine,modell_rf,117,0.4444444444444445,16,0.1875,
routine,modell_rf,118,,16,0.0,
routine,modell_rf,119,1.0,16,0.0625,
routine,modell_rf,120,1.0,16,0.0625,
routine,modell_rf,121,1.0,16,0.0625,
routine,modell_rf,122,0.6428571428571428,16,0.125,
routine,modell_rf,123,0.9821428571428572,16,0.4375,
routine,modell_rf,124,0.9484126984126984,16,0.375,
routine,modell_rf,125,0.38333333333333336,16,0.1875,
routine,modell_rf,126,0.9328688987779896,16,0.6875,
routine,modell_rf,127,0.8938736263736263,16,0.625,
routine,modell_rf,128,0.8,16,0.375,
routine,modell_rf,129,0.6783333333333333,16,0.3125,
routine,modell_rf,130,,16,0.0,
routine,modell_rf,131,0.5,16,0.0625,
routine,modell_rf,132,1.0,16,0.0625,
routine,modell_rf,133,1.0,16,0.0625,
routine,modell_rf,134,1.0,16,0.0625,
routine,modell_rf,135,0.6683333333333333,16,0.3125,
routine,modell_rf,136,0.9166666666666666,16,0.25,
routine,modell_rf,137,0.6678571428571428,16,0.25,
routine,modell_rf,138,0.9945054945054945,16,0.8125,
routine,modell_rf,139,0.8803418803418803,16,0.625,
routine,modell_rf,140,0.9617346938775511,16,0.4375,
routine,modell_rf,141,0.8583333333333333,16,0.3125,
routine,modell_rf,142,,16,0.0,
routine,modell_rf,143,,16,0.0,
routine,modell_rf,144,,16,0.0,
routine,modell_rf,145,,16,0.0,
routine,modell_rf,146,0.125,16,0.0625,
routine,modell_rf,147,0.8178571428571428,16,0.375,
routine,modell_rf,148,0.8734126984126984,16,0.375,
routine,modell_rf,149,0.4859523809523809,16,0.3125,
routine,modell_rf,150,0.9674927636466099,16,0.8125,
routine,modell_rf,151,0.9658119658119658,16,0.5625,
routine,modell_rf,152,0.9617346938775511,16,0.4375,
routine,modell_rf,153,0.6678571428571428,16,0.25,
routine,modell_rf,154,,16,0.0,
routine,modell_rf,155,0.5,16,0.0625,
routine,modell_rf,156,0.5,16,0.0625,
routine,modell_rf,157,1.0,16,0.0625,
routine,modell_rf,158,0.7916666666666666,16,0.1875,
routine,modell_rf,159,1.0,16,0.375,
routine,modell_rf,160,0.9266666666666666,16,0.3125,
routine,modell_rf,161,0.41666666666666663,16,0.125,
routine,modell_rf,162,1.0,16,0.5625,
routine,modell_rf,163,0.9040835707502375,16,0.5625,
routine,modell_rf,164,0.7683333333333333,16,0.3125,
routine,modell_rf,165,0.5,16,0.25,
routine,modell_rf,166,,16,0.0,
routine,modell_rf,167,0.3333333333333333,16,0.0625,
routine,modell_rf,168,0.5,16,0.0625,
routine,modell_rf,-1,0.8317207563786331,384,0.2786458333333333,1--24 h
routine,modell_rf,-1,0.7805638132264509,768,0.2591145833333333,25--72 h
routine,modell_rf,-1,0.8427839894860446,1536,0.271484375,73--168 h
routine,klimatologie,1,0.5833333333333333,16,0.125,
routine,klimatologie,2,0.6666666666666666,16,0.125,
routine,klimatologie,3,0.9617346938775511,16,0.4375,
routine,klimatologie,4,0.6749999999999999,16,0.3125,
routine,klimatologie,5,0.8154761904761905,16,0.375,
routine,klimatologie,6,0.9835164835164835,16,0.8125,
routine,klimatologie,7,0.8084757834757835,16,0.5625,
routine,klimatologie,8,0.5535714285714286,16,0.25,
routine,klimatologie,9,0.5,16,0.1875,
routine,klimatologie,10,,16,0.0,
routine,klimatologie,11,1.0,16,0.125,
routine,klimatologie,12,1.0,16,0.125,
routine,klimatologie,13,1.0,16,0.125,
routine,klimatologie,14,1.0,16,0.125,
routine,klimatologie,15,1.0,16,0.4375,
routine,klimatologie,16,1.0,16,0.375,
routine,klimatologie,17,0.7619047619047619,16,0.3125,
routine,klimatologie,18,0.9708624708624709,16,0.6875,
routine,klimatologie,19,0.8638257575757576,16,0.5,
routine,klimatologie,20,0.4154761904761905,16,0.25,
routine,klimatologie,21,0.469047619047619,16,0.25,
routine,klimatologie,22,,16,0.0,
routine,klimatologie,23,0.3333333333333333,16,0.0625,
routine,klimatologie,24,0.6666666666666666,16,0.125,
routine,klimatologie,25,0.6666666666666666,16,0.125,
routine,klimatologie,26,0.6666666666666666,16,0.125,
routine,klimatologie,27,0.9583333333333333,16,0.375,
routine,klimatologie,28,0.5138888888888888,16,0.1875,
routine,klimatologie,29,0.7916666666666665,16,0.3125,
routine,klimatologie,30,0.926923076923077,16,0.625,
routine,klimatologie,31,0.7047619047619047,16,0.4375,
routine,klimatologie,32,0.4375,16,0.25,
routine,klimatologie,33,0.36904761904761907,16,0.1875,
routine,klimatologie,34,,16,0.0,
routine,klimatologie,35,0.5,16,0.0625,
routine,klimatologie,36,0.6666666666666666,16,0.125,
routine,klimatologie,37,0.5833333333333333,16,0.125,
routine,klimatologie,38,0.6666666666666666,16,0.125,
routine,klimatologie,39,0.9617346938775511,16,0.4375,
routine,klimatologie,40,0.6583333333333333,16,0.3125,
routine,klimatologie,41,0.7535714285714286,16,0.3125,
routine,klimatologie,42,0.9871794871794872,16,0.75,
routine,klimatologie,43,0.8390313390313391,16,0.5625,
routine,klimatologie,44,0.6285714285714286,16,0.3125,
routine,klimatologie,45,0.41666666666666663,16,0.125,
routine,klimatologie,46,,16,0.0,
routine,klimatologie,47,1.0,16,0.125,
routine,klimatologie,48,1.0,16,0.125,
routine,klimatologie,49,1.0,16,0.125,
routine,klimatologie,50,1.0,16,0.125,
routine,klimatologie,51,1.0,16,0.4375,
routine,klimatologie,52,1.0,16,0.375,
routine,klimatologie,53,0.6607142857142857,16,0.25,
routine,klimatologie,54,0.976923076923077,16,0.625,
routine,klimatologie,55,0.8776455026455026,16,0.5625,
routine,klimatologie,56,0.5059523809523809,16,0.3125,
routine,klimatologie,57,0.36507936507936506,16,0.1875,
routine,klimatologie,58,,16,0.0,
routine,klimatologie,59,0.3333333333333333,16,0.0625,
routine,klimatologie,60,0.6666666666666666,16,0.125,
routine,klimatologie,61,0.6666666666666666,16,0.125,
routine,klimatologie,62,0.6666666666666666,16,0.125,
routine,klimatologie,63,0.9583333333333334,16,0.375,
routine,klimatologie,64,0.625,16,0.25,
routine,klimatologie,65,0.7249999999999999,16,0.3125,
routine,klimatologie,66,0.9557109557109558,16,0.6875,
routine,klimatologie,67,0.8399572649572649,16,0.5625,
routine,klimatologie,68,0.6916666666666667,16,0.3125,
routine,klimatologie,69,0.36904761904761907,16,0.1875,
routine,klimatologie,70,,16,0.0,
routine,klimatologie,71,0.5,16,0.0625,
routine,klimatologie,72,0.6666666666666666,16,0.125,
routine,klimatologie,73,0.5833333333333333,16,0.125,
routine,klimatologie,74,0.6666666666666666,16,0.125,
routine,klimatologie,75,0.9617346938775511,16,0.4375,
routine,klimatologie,76,0.7273809523809525,16,0.375,
routine,klimatologie,77,0.7535714285714286,16,0.3125,
routine,klimatologie,78,1.0,16,0.8125,
routine,klimatologie,79,0.953846153846154,16,0.625,
routine,klimatologie,80,0.7480158730158731,16,0.375,
routine,klimatologie,81,0.6666666666666666,16,0.125,
routine,klimatologie,82,,16,0.0,
routine,klimatologie,83,1.0,16,0.125,
routine,klimatologie,84,1.0,16,0.125,
routine,klimatologie,85,1.0,16,0.125,
routine,klimatologie,86,1.0,16,0.125,
routine,klimatologie,87,1.0,16,0.4375,
routine,klimatologie,88,1.0,16,0.375,
routine,klimatologie,89,0.6428571428571428,16,0.1875,
routine,klimatologie,90,0.9587412587412587,16,0.625,
routine,klimatologie,91,0.875925925925926,16,0.5625,
routine,klimatologie,92,0.6464285714285715,16,0.375,
routine,klimatologie,93,0.5107142857142857,16,0.25,
routine,klimatologie,94,,16,0.0,
routine,klimatologie,95,0.3333333333333333,16,0.0625,
routine,klimatologie,96,0.6666666666666666,16,0.125,
routine,klimatologie,97,0.6666666666666666,16,0.125,
routine,klimatologie,98,0.6666666666666666,16,0.125,
routine,klimatologie,99,0.9583333333333334,16,0.375,
routine,klimatologie,100,0.625,16,0.25,
routine,klimatologie,101,0.6666666666666666,16,0.25,
routine,klimatologie,102,0.9496336996336996,16,0.75,
routine,klimatologie,103,0.8482905982905982,16,0.5625,
routine,klimatologie,104,0.8194444444444443,16,0.375,
routine,klimatologie,105,0.5119047619047619,16,0.25,
routine,klimatologie,106,,16,0.0,
routine,klimatologie,107,,16,0.0,
routine,klimatologie,108,0.5,16,0.0625,
routine,klimatologie,109,0.5,16,0.0625,
routine,klimatologie,110,0.3125,16,0.125,
routine,klimatologie,111,0.9821428571428572,16,0.4375,
routine,klimatologie,112,0.7273809523809525,16,0.375,
routine,klimatologie,113,0.6678571428571429,16,0.3125,
routine,klimatologie,114,1.0,16,0.875,
routine,klimatologie,115,0.953846153846154,16,0.625,
routine,klimatologie,116,0.7384920634920636,16,0.375,
routine,klimatologie,117,0.8095238095238095,16,0.1875,
routine,klimatologie,118,,16,0.0,
routine,klimatologie,119,1.0,16,0.0625,
routine,klimatologie,120,1.0,16,0.0625,
routine,klimatologie,121,1.0,16,0.0625,
routine,klimatologie,122,0.5625,16,0.125,
routine,klimatologie,123,1.0,16,0.4375,
routine,klimatologie,124,0.976190476190476,16,0.375,
routine,klimatologie,125,0.39682539682539686,16,0.1875,
routine,klimatologie,126,0.9502164502164503,16,0.6875,
routine,klimatologie,127,0.8682400932400932,16,0.625,
routine,klimatologie,128,0.632936507936508,16,0.375,
routine,klimatologie,129,0.6166666666666667,16,0.3125,
routine,klimatologie,130,,16,0.0,
routine,klimatologie,131,0.5,16,0.0625,
routine,klimatologie,132,0.5,16,0.0625,
routine,klimatologie,133,0.5,16,0.0625,
routine,klimatologie,134,0.5,16,0.0625,
routine,klimatologie,135,0.7766666666666666,16,0.3125,
routine,klimatologie,136,0.7333333333333334,16,0.25,
routine,klimatologie,137,0.7023809523809523,16,0.25,
routine,klimatologie,138,0.9677655677655678,16,0.8125,
routine,klimatologie,139,0.8330844155844156,16,0.625,
routine,klimatologie,140,0.885204081632653,16,0.4375,
routine,klimatologie,141,0.6285714285714286,16,0.3125,
routine,klimatologie,142,,16,0.0,
routine,klimatologie,143,,16,0.0,
routine,klimatologie,144,,16,0.0,
routine,klimatologie,145,,16,0.0,
routine,klimatologie,146,0.0625,16,0.0625,
routine,klimatologie,147,0.8150793650793651,16,0.375,
routine,klimatologie,148,0.7638888888888888,16,0.375,
routine,klimatologie,149,0.7,16,0.3125,
routine,klimatologie,150,1.0,16,0.8125,
routine,klimatologie,151,0.9722222222222222,16,0.5625,
routine,klimatologie,152,0.769047619047619,16,0.4375,
routine,klimatologie,153,0.8928571428571428,16,0.25,
routine,klimatologie,154,,16,0.0,
routine,klimatologie,155,0.5,16,0.0625,
routine,klimatologie,156,0.5,16,0.0625,
routine,klimatologie,157,0.5,16,0.0625,
routine,klimatologie,158,0.7291666666666666,16,0.1875,
routine,klimatologie,159,1.0,16,0.375,
routine,klimatologie,160,0.9428571428571428,16,0.3125,
routine,klimatologie,161,0.2857142857142857,16,0.125,
routine,klimatologie,162,0.9305555555555556,16,0.5625,
routine,klimatologie,163,0.8511784511784513,16,0.5625,
routine,klimatologie,164,0.5592857142857143,16,0.3125,
routine,klimatologie,165,0.6190476190476191,16,0.25,
routine,klimatologie,166,,16,0.0,
routine,klimatologie,167,0.3333333333333333,16,0.0625,
routine,klimatologie,168,0.3333333333333333,16,0.0625,
routine,klimatologie,-1,0.8409251457812955,384,0.2786458333333333,1--24 h
routine,klimatologie,-1,0.793362728525678,768,0.2591145833333333,25--72 h
routine,klimatologie,-1,0.8191010726478003,1536,0.271484375,73--168 h
routine,persistenz168,1,0.3125,16,0.125,
routine,persistenz168,2,0.5,16,0.125,
routine,persistenz168,3,0.875,16,0.4375,
routine,persistenz168,4,0.7142857142857143,16,0.3125,
routine,persistenz168,5,0.8571428571428571,16,0.375,
routine,persistenz168,6,1.0,16,0.8125,
routine,persistenz168,7,0.9027777777777778,16,0.5625,
routine,persistenz168,8,0.625,16,0.25,
routine,persistenz168,9,0.4583333333333333,16,0.1875,
routine,persistenz168,10,,16,0.0,
routine,persistenz168,11,0.125,16,0.125,
routine,persistenz168,12,1.0,16,0.125,
routine,persistenz168,13,1.0,16,0.125,
routine,persistenz168,14,0.6666666666666666,16,0.125,
routine,persistenz168,15,0.7971938775510203,16,0.4375,
routine,persistenz168,16,0.8571428571428571,16,0.375,
routine,persistenz168,17,0.7142857142857143,16,0.3125,
routine,persistenz168,18,0.8889462809917354,16,0.6875,
routine,persistenz168,19,0.875,16,0.5,
routine,persistenz168,20,0.625,16,0.25,
routine,persistenz168,21,0.25,16,0.25,
routine,persistenz168,22,,16,0.0,
routine,persistenz168,23,0.0625,16,0.0625,
routine,persistenz168,24,0.3125,16,0.125,
routine,persistenz168,25,0.3125,16,0.125,
routine,persistenz168,26,0.6666666666666666,16,0.125,
routine,persistenz168,27,0.6577380952380952,16,0.375,
routine,persistenz168,28,0.5,16,0.1875,
routine,persistenz168,29,0.8333333333333334,16,0.3125,
routine,persistenz168,30,0.8725,16,0.625,
routine,persistenz168,31,0.7202380952380952,16,0.4375,
routine,persistenz168,32,0.625,16,0.25,
routine,persistenz168,33,0.4583333333333333,16,0.1875,
routine,persistenz168,34,,16,0.0,
routine,persistenz168,35,0.0625,16,0.0625,
routine,persistenz168,36,0.3125,16,0.125,
routine,persistenz168,37,0.3125,16,0.125,
routine,persistenz168,38,0.6666666666666666,16,0.125,
routine,persistenz168,39,0.875,16,0.4375,
routine,persistenz168,40,0.7142857142857143,16,0.3125,
routine,persistenz168,41,0.7142857142857143,16,0.3125,
routine,persistenz168,42,0.9230769230769231,16,0.75,
routine,persistenz168,43,0.8055555555555556,16,0.5625,
routine,persistenz168,44,0.725,16,0.3125,
routine,persistenz168,45,0.3125,16,0.125,
routine,persistenz168,46,,16,0.0,
routine,persistenz168,47,0.125,16,0.125,
routine,persistenz168,48,1.0,16,0.125,
routine,persistenz168,49,1.0,16,0.125,
routine,persistenz168,50,1.0,16,0.125,
routine,persistenz168,51,0.7971938775510203,16,0.4375,
routine,persistenz168,52,0.8571428571428571,16,0.375,
routine,persistenz168,53,0.5714285714285714,16,0.25,
routine,persistenz168,54,0.7988636363636364,16,0.625,
routine,persistenz168,55,0.9027777777777778,16,0.5625,
routine,persistenz168,56,0.725,16,0.3125,
routine,persistenz168,57,0.1875,16,0.1875,
routine,persistenz168,58,,16,0.0,
routine,persistenz168,59,0.0625,16,0.0625,
routine,persistenz168,60,0.3125,16,0.125,
routine,persistenz168,61,0.3125,16,0.125,
routine,persistenz168,62,0.6666666666666666,16,0.125,
routine,persistenz168,63,0.6577380952380952,16,0.375,
routine,persistenz168,64,0.5714285714285714,16,0.25,
routine,persistenz168,65,0.8333333333333334,16,0.3125,
routine,persistenz168,66,0.8889462809917354,16,0.6875,
routine,persistenz168,67,0.8055555555555556,16,0.5625,
routine,persistenz168,68,0.5875,16,0.3125,
routine,persistenz168,69,0.4583333333333333,16,0.1875,
routine,persistenz168,70,,16,0.0,
routine,persistenz168,71,0.0625,16,0.0625,
routine,persistenz168,72,0.3125,16,0.125,
routine,persistenz168,73,0.3125,16,0.125,
routine,persistenz168,74,0.6666666666666666,16,0.125,
routine,persistenz168,75,0.875,16,0.4375,
routine,persistenz168,76,0.75,16,0.375,
routine,persistenz168,77,0.7142857142857143,16,0.3125,
routine,persistenz168,78,0.9285714285714286,16,0.8125,
routine,persistenz168,79,0.8361111111111111,16,0.625,
routine,persistenz168,80,0.6875,16,0.375,
routine,persistenz168,81,0.3125,16,0.125,
routine,persistenz168,82,,16,0.0,
routine,persistenz168,83,0.125,16,0.125,
routine,persistenz168,84,1.0,16,0.125,
routine,persistenz168,85,1.0,16,0.125,
routine,persistenz168,86,1.0,16,0.125,
routine,persistenz168,87,0.7971938775510203,16,0.4375,
routine,persistenz168,88,0.7569444444444445,16,0.375,
routine,persistenz168,89,0.42857142857142855,16,0.1875,
routine,persistenz168,90,0.7988636363636364,16,0.625,
routine,persistenz168,91,0.9513888888888888,16,0.5625,
routine,persistenz168,92,0.7916666666666666,16,0.375,
routine,persistenz168,93,0.3125,16,0.25,
routine,persistenz168,94,,16,0.0,
routine,persistenz168,95,0.0625,16,0.0625,
routine,persistenz168,96,0.3125,16,0.125,
routine,persistenz168,97,0.3125,16,0.125,
routine,persistenz168,98,0.6666666666666666,16,0.125,
routine,persistenz168,99,0.6577380952380952,16,0.375,
routine,persistenz168,100,0.4375,16,0.25,
routine,persistenz168,101,0.6666666666666666,16,0.25,
routine,persistenz168,102,0.9027777777777777,16,0.75,
routine,persistenz168,103,0.8526234567901234,16,0.5625,
routine,persistenz168,104,0.6875,16,0.375,
routine,persistenz168,105,0.625,16,0.25,
routine,persistenz168,106,,16,0.0,
routine,persistenz168,107,,16,0.0,
routine,persistenz168,108,0.0625,16,0.0625,
routine,persistenz168,109,0.0625,16,0.0625,
routine,persistenz168,110,0.3125,16,0.125,
routine,persistenz168,111,0.875,16,0.4375,
routine,persistenz168,112,0.6577380952380952,16,0.375,
routine,persistenz168,113,0.5958333333333333,16,0.3125,
routine,persistenz168,114,0.9247448979591837,16,0.875,
routine,persistenz168,115,0.7999999999999999,16,0.625,
routine,persistenz168,116,0.5833333333333333,16,0.375,
routine,persistenz168,117,0.29166666666666663,16,0.1875,
routine,persistenz168,118,,16,0.0,
routine,persistenz168,119,0.0625,16,0.0625,
routine,persistenz168,120,1.0,16,0.0625,
routine,persistenz168,121,1.0,16,0.0625,
routine,persistenz168,122,0.5625,16,0.125,
routine,persistenz168,123,0.7971938775510203,16,0.4375,
routine,persistenz168,124,0.6583333333333333,16,0.375,
routine,persistenz168,125,0.2847222222222222,16,0.1875,
routine,persistenz168,126,0.7944214876033059,16,0.6875,
routine,persistenz168,127,0.8875,16,0.625,
routine,persistenz168,128,0.6875,16,0.375,
routine,persistenz168,129,0.35,16,0.3125,
routine,persistenz168,130,,16,0.0,
routine,persistenz168,131,0.0625,16,0.0625,
routine,persistenz168,132,0.5,16,0.0625,
routine,persistenz168,133,0.5,16,0.0625,
routine,persistenz168,134,0.5,16,0.0625,
routine,persistenz168,135,0.5196428571428571,16,0.3125,
routine,persistenz168,136,0.4375,16,0.25,
routine,persistenz168,137,0.6666666666666666,16,0.25,
routine,persistenz168,138,0.9145710059171599,16,0.8125,
routine,persistenz168,139,0.8361111111111111,16,0.625,
routine,persistenz168,140,0.7589285714285714,16,0.4375,
routine,persistenz168,141,0.725,16,0.3125,
routine,persistenz168,142,,16,0.0,
routine,persistenz168,143,,16,0.0,
routine,persistenz168,144,,16,0.0,
routine,persistenz168,145,,16,0.0,
routine,persistenz168,146,0.0625,16,0.0625,
routine,persistenz168,147,0.75,16,0.375,
routine,persistenz168,148,0.6577380952380952,16,0.375,
routine,persistenz168,149,0.5958333333333333,16,0.3125,
routine,persistenz168,150,0.9145710059171599,16,0.8125,
routine,persistenz168,151,0.8055555555555556,16,0.5625,
routine,persistenz168,152,0.6785714285714286,16,0.4375,
routine,persistenz168,153,0.4583333333333333,16,0.25,
routine,persistenz168,154,,16,0.0,
routine,persistenz168,155,0.0625,16,0.0625,
routine,persistenz168,156,1.0,16,0.0625,
routine,persistenz168,157,1.0,16,0.0625,
routine,persistenz168,158,0.4583333333333333,16,0.1875,
routine,persistenz168,159,0.8571428571428571,16,0.375,
routine,persistenz168,160,0.575,16,0.3125,
routine,persistenz168,161,0.14583333333333331,16,0.125,
routine,persistenz168,162,0.7089646464646464,16,0.5625,
routine,persistenz168,163,0.9027777777777778,16,0.5625,
routine,persistenz168,164,0.45416666666666666,16,0.3125,
routine,persistenz168,165,0.3125,16,0.25,
routine,persistenz168,166,,16,0.0,
routine,persistenz168,167,0.0625,16,0.0625,
routine,persistenz168,168,0.5,16,0.0625,
routine,persistenz168,-1,0.739058740862404,384,0.2786458333333333,1--24 h
routine,persistenz168,-1,0.6709279060101502,768,0.2591145833333333,25--72 h
routine,persistenz168,-1,0.6481902115837892,1536,0.271484375,73--168 h
routine,modell_lgbm,1,1.0,16,0.125,
routine,modell_lgbm,2,1.0,16,0.125,
routine,modell_lgbm,3,1.0,16,0.4375,
routine,modell_lgbm,4,0.6683333333333333,16,0.3125,
routine,modell_lgbm,5,0.6746031746031745,16,0.375,
routine,modell_lgbm,6,0.9493303704842166,16,0.8125,
routine,modell_lgbm,7,0.7765792849126183,16,0.5625,
routine,modell_lgbm,8,0.3988095238095238,16,0.25,
routine,modell_lgbm,9,0.3416666666666666,16,0.1875,
routine,modell_lgbm,10,,16,0.0,
routine,modell_lgbm,11,1.0,16,0.125,
routine,modell_lgbm,12,1.0,16,0.125,
routine,modell_lgbm,13,1.0,16,0.125,
routine,modell_lgbm,14,1.0,16,0.125,
routine,modell_lgbm,15,1.0,16,0.4375,
routine,modell_lgbm,16,0.8357142857142856,16,0.375,
routine,modell_lgbm,17,0.7892857142857144,16,0.3125,
routine,modell_lgbm,18,0.936151727060818,16,0.6875,
routine,modell_lgbm,19,0.8659090909090909,16,0.5,
routine,modell_lgbm,20,0.6,16,0.25,
routine,modell_lgbm,21,0.6178571428571429,16,0.25,
routine,modell_lgbm,22,,16,0.0,
routine,modell_lgbm,23,0.5,16,0.0625,
routine,modell_lgbm,24,0.5833333333333333,16,0.125,
routine,modell_lgbm,25,0.5833333333333333,16,0.125,
routine,modell_lgbm,26,0.5833333333333333,16,0.125,
routine,modell_lgbm,27,0.8972222222222223,16,0.375,
routine,modell_lgbm,28,0.7555555555555555,16,0.1875,
routine,modell_lgbm,29,0.5783333333333334,16,0.3125,
routine,modell_lgbm,30,0.9290262515262515,16,0.625,
routine,modell_lgbm,31,0.6988095238095238,16,0.4375,
routine,modell_lgbm,32,0.4154761904761905,16,0.25,
routine,modell_lgbm,33,0.4027777777777778,16,0.1875,
routine,modell_lgbm,34,,16,0.0,
routine,modell_lgbm,35,0.5,16,0.0625,
routine,modell_lgbm,36,0.5833333333333333,16,0.125,
routine,modell_lgbm,37,0.8333333333333333,16,0.125,
routine,modell_lgbm,38,0.8333333333333333,16,0.125,
routine,modell_lgbm,39,0.9821428571428572,16,0.4375,
routine,modell_lgbm,40,0.6783333333333333,16,0.3125,
routine,modell_lgbm,41,0.5592857142857143,16,0.3125,
routine,modell_lgbm,42,0.9191509879009879,16,0.75,
routine,modell_lgbm,43,0.8517195767195767,16,0.5625,
routine,modell_lgbm,44,0.6783333333333333,16,0.3125,
routine,modell_lgbm,45,0.325,16,0.125,
routine,modell_lgbm,46,,16,0.0,
routine,modell_lgbm,47,1.0,16,0.125,
routine,modell_lgbm,48,1.0,16,0.125,
routine,modell_lgbm,49,1.0,16,0.125,
routine,modell_lgbm,50,1.0,16,0.125,
routine,modell_lgbm,51,1.0,16,0.4375,
routine,modell_lgbm,52,0.9761904761904762,16,0.375,
routine,modell_lgbm,53,0.6083333333333333,16,0.25,
routine,modell_lgbm,54,0.9697979797979798,16,0.625,
routine,modell_lgbm,55,0.9467813051146384,16,0.5625,
routine,modell_lgbm,56,0.5783333333333334,16,0.3125,
routine,modell_lgbm,57,0.3416666666666666,16,0.1875,
routine,modell_lgbm,58,,16,0.0,
routine,modell_lgbm,59,0.5,16,0.0625,
routine,modell_lgbm,60,0.5833333333333333,16,0.125,
routine,modell_lgbm,61,1.0,16,0.125,
routine,modell_lgbm,62,1.0,16,0.125,
routine,modell_lgbm,63,0.9761904761904762,16,0.375,
routine,modell_lgbm,64,0.7470238095238095,16,0.25,
routine,modell_lgbm,65,0.6416666666666666,16,0.3125,
routine,modell_lgbm,66,0.9777495232040687,16,0.6875,
routine,modell_lgbm,67,0.8056147556147557,16,0.5625,
routine,modell_lgbm,68,0.6295238095238094,16,0.3125,
routine,modell_lgbm,69,0.6333333333333333,16,0.1875,
routine,modell_lgbm,70,,16,0.0,
routine,modell_lgbm,71,1.0,16,0.0625,
routine,modell_lgbm,72,0.8333333333333333,16,0.125,
routine,modell_lgbm,73,0.8333333333333333,16,0.125,
routine,modell_lgbm,74,0.8333333333333333,16,0.125,
routine,modell_lgbm,75,0.9821428571428572,16,0.4375,
routine,modell_lgbm,76,0.7166666666666667,16,0.375,
routine,modell_lgbm,77,0.4859523809523809,16,0.3125,
routine,modell_lgbm,78,0.9589457550996012,16,0.8125,
routine,modell_lgbm,79,0.8967388167388168,16,0.625,
routine,modell_lgbm,80,0.915079365079365,16,0.375,
routine,modell_lgbm,81,0.7,16,0.125,
routine,modell_lgbm,82,,16,0.0,
routine,modell_lgbm,83,1.0,16,0.125,
routine,modell_lgbm,84,1.0,16,0.125,
routine,modell_lgbm,85,1.0,16,0.125,
routine,modell_lgbm,86,1.0,16,0.125,
routine,modell_lgbm,87,1.0,16,0.4375,
routine,modell_lgbm,88,0.8734126984126984,16,0.375,
routine,modell_lgbm,89,0.6428571428571429,16,0.1875,
routine,modell_lgbm,90,0.9697979797979798,16,0.625,
routine,modell_lgbm,91,0.9287749287749287,16,0.5625,
routine,modell_lgbm,92,0.8357142857142856,16,0.375,
routine,modell_lgbm,93,0.475,16,0.25,
routine,modell_lgbm,94,,16,0.0,
routine,modell_lgbm,95,0.5,16,0.0625,
routine,modell_lgbm,96,0.5833333333333333,16,0.125,
routine,modell_lgbm,97,0.8333333333333333,16,0.125,
routine,modell_lgbm,98,1.0,16,0.125,
routine,modell_lgbm,99,0.9107142857142857,16,0.375,
routine,modell_lgbm,100,0.8125,16,0.25,
routine,modell_lgbm,101,0.5238095238095237,16,0.25,
routine,modell_lgbm,102,0.9752747252747251,16,0.75,
routine,modell_lgbm,103,0.7152837902837903,16,0.5625,
routine,modell_lgbm,104,0.9761904761904762,16,0.375,
routine,modell_lgbm,105,0.7333333333333333,16,0.25,
routine,modell_lgbm,106,,16,0.0,
routine,modell_lgbm,107,,16,0.0,
routine,modell_lgbm,108,1.0,16,0.0625,
routine,modell_lgbm,109,1.0,16,0.0625,
routine,modell_lgbm,110,0.7,16,0.125,
routine,modell_lgbm,111,1.0,16,0.4375,
routine,modell_lgbm,112,0.8178571428571428,16,0.375,
routine,modell_lgbm,113,0.5192857142857142,16,0.3125,
routine,modell_lgbm,114,0.9952380952380953,16,0.875,
routine,modell_lgbm,115,0.9451515151515152,16,0.625,
routine,modell_lgbm,116,0.9484126984126984,16,0.375,
routine,modell_lgbm,117,0.6666666666666667,16,0.1875,
routine,modell_lgbm,118,,16,0.0,
routine,modell_lgbm,119,1.0,16,0.0625,
routine,modell_lgbm,120,1.0,16,0.0625,
routine,modell_lgbm,121,1.0,16,0.0625,
routine,modell_lgbm,122,0.8333333333333333,16,0.125,
routine,modell_lgbm,123,1.0,16,0.4375,
routine,modell_lgbm,124,0.915079365079365,16,0.375,
routine,modell_lgbm,125,0.4206349206349207,16,0.1875,
routine,modell_lgbm,126,0.9686586141131595,16,0.6875,
routine,modell_lgbm,127,0.923531746031746,16,0.625,
routine,modell_lgbm,128,0.6496031746031745,16,0.375,
routine,modell_lgbm,129,0.4859523809523809,16,0.3125,
routine,modell_lgbm,130,,16,0.0,
routine,modell_lgbm,131,0.5,16,0.0625,
routine,modell_lgbm,132,1.0,16,0.0625,
routine,modell_lgbm,133,1.0,16,0.0625,
routine,modell_lgbm,134,1.0,16,0.0625,
routine,modell_lgbm,135,0.81,16,0.3125,
routine,modell_lgbm,136,1.0,16,0.25,
routine,modell_lgbm,137,0.4928571428571429,16,0.25,
routine,modell_lgbm,138,0.9674927636466099,16,0.8125,
routine,modell_lgbm,139,0.7268109668109668,16,0.625,
routine,modell_lgbm,140,0.9093537414965986,16,0.4375,
routine,modell_lgbm,141,0.5961904761904762,16,0.3125,
routine,modell_lgbm,142,,16,0.0,
routine,modell_lgbm,143,,16,0.0,
routine,modell_lgbm,144,,16,0.0,
routine,modell_lgbm,145,,16,0.0,
routine,modell_lgbm,146,0.3333333333333333,16,0.0625,
routine,modell_lgbm,147,0.915079365079365,16,0.375,
routine,modell_lgbm,148,0.8734126984126984,16,0.375,
routine,modell_lgbm,149,0.4859523809523809,16,0.3125,
routine,modell_lgbm,150,0.9821780783319245,16,0.8125,
routine,modell_lgbm,151,0.9361111111111111,16,0.5625,
routine,modell_lgbm,152,0.754591836734694,16,0.4375,
routine,modell_lgbm,153,0.6178571428571429,16,0.25,
routine,modell_lgbm,154,,16,0.0,
routine,modell_lgbm,155,0.5,16,0.0625,
routine,modell_lgbm,156,1.0,16,0.0625,
routine,modell_lgbm,157,1.0,16,0.0625,
routine,modell_lgbm,158,0.8666666666666667,16,0.1875,
routine,modell_lgbm,159,1.0,16,0.375,
routine,modell_lgbm,160,0.9266666666666666,16,0.3125,
routine,modell_lgbm,161,0.6666666666666666,16,0.125,
routine,modell_lgbm,162,0.9598765432098765,16,0.5625,
routine,modell_lgbm,163,0.811170311170311,16,0.5625,
routine,modell_lgbm,164,0.6416666666666666,16,0.3125,
routine,modell_lgbm,165,0.4583333333333333,16,0.25,
routine,modell_lgbm,166,,16,0.0,
routine,modell_lgbm,167,0.3333333333333333,16,0.0625,
routine,modell_lgbm,168,1.0,16,0.0625,
routine,modell_lgbm,-1,0.8101935694237382,384,0.2786458333333333,1--24 h
routine,modell_lgbm,-1,0.7636686049552897,768,0.2591145833333333,25--72 h
routine,modell_lgbm,-1,0.8243881467856415,1536,0.271484375,73--168 h
yjmob,modell_rf,1,0.7052007962861406,728,0.32554945054945056,
yjmob,modell_rf,2,0.6989041952929607,728,0.33791208791208793,
yjmob,modell_rf,3,0.6711047701300432,728,0.3942307692307692,
yjmob,modell_rf,4,0.5993030325140096,728,0.42857142857142855,
yjmob,modell_rf,5,0.6464117622289843,728,0.5027472527472527,
yjmob,modell_rf,6,0.5740796617691726,728,0.44642857142857145,
yjmob,modell_rf,7,0.6142352868405936,728,0.41483516483516486,
yjmob,modell_rf,8,0.5775316121980272,728,0.40384615384615385,
yjmob,modell_rf,9,0.5807231211762129,728,0.3557692307692308,
yjmob,modell_rf,10,0.5653326939350566,728,0.32554945054945056,
yjmob,modell_rf,11,0.5551049423758286,728,0.32005494505494503,
yjmob,modell_rf,12,0.56972828819315,728,0.3228021978021978,
yjmob,modell_rf,13,0.600744552369544,728,0.33379120879120877,
yjmob,modell_rf,14,0.6248393947810265,728,0.33379120879120877,
yjmob,modell_rf,15,0.6136481555723661,728,0.385989010989011,
yjmob,modell_rf,16,0.6091525714104082,728,0.4271978021978022,
yjmob,modell_rf,17,0.619432035123733,728,0.49038461538461536,
yjmob,modell_rf,18,0.5576176534285293,728,0.4423076923076923,
yjmob,modell_rf,19,0.5839149375791579,728,0.40934065934065933,
yjmob,modell_rf,20,0.5647130930463851,728,0.4024725274725275,
yjmob,modell_rf,21,0.5696214483583559,728,0.3489010989010989,
yjmob,modell_rf,22,0.548001404254271,728,0.3173076923076923,
yjmob,modell_rf,23,0.5713572885079555,728,0.3228021978021978,
yjmob,modell_rf,24,0.58926120071772,728,0.32142857142857145,
yjmob,modell_rf,25,0.594084589917469,728,0.32005494505494503,
yjmob,modell_rf,26,0.6006332297712226,728,0.32554945054945056,
yjmob,modell_rf,27,0.5624000429507434,728,0.375,
yjmob,modell_rf,28,0.5912114156948354,728,0.43131868131868134,
yjmob,modell_rf,29,0.5614792312418276,728,0.4848901098901099,
yjmob,modell_rf,30,0.48326041530717667,728,0.42994505494505497,
yjmob,modell_rf,31,0.5535852117166826,728,0.4024725274725275,
yjmob,modell_rf,32,0.5436578421768805,728,0.41483516483516486,
yjmob,modell_rf,33,0.538128380937471,728,0.3447802197802198,
yjmob,modell_rf,34,0.5492478080368204,728,0.3118131868131868,
yjmob,modell_rf,35,0.5446375474591221,728,0.3008241758241758,
yjmob,modell_rf,36,0.5469509771475356,728,0.3076923076923077,
yjmob,modell_rf,37,0.5559700019888367,728,0.32005494505494503,
yjmob,modell_rf,38,0.5834133307593969,728,0.3324175824175824,
yjmob,modell_rf,39,0.5723707843723926,728,0.36675824175824173,
yjmob,modell_rf,40,0.6123475295187374,728,0.42994505494505497,
yjmob,modell_rf,41,0.5840000426307919,728,0.49313186813186816,
yjmob,modell_rf,42,0.505105358714441,728,0.43131868131868134,
yjmob,modell_rf,43,0.5588918472169768,728,0.39972527472527475,
yjmob,modell_rf,44,0.5445456558143096,728,0.4107142857142857,
yjmob,modell_rf,45,0.5595454369469305,728,0.3434065934065934,
yjmob,modell_rf,46,0.5646034415229821,728,0.3282967032967033,
yjmob,modell_rf,47,0.5367623828774377,728,0.30631868131868134,
yjmob,modell_rf,48,0.5415914974868334,728,0.30357142857142855,
yjmob,modell_rf,49,0.5574661822729794,728,0.3241758241758242,
yjmob,modell_rf,50,0.6018448693191806,728,0.3282967032967033,
yjmob,modell_rf,51,0.5819915330882753,728,0.3791208791208791,
yjmob,modell_rf,52,0.5943587023766796,728,0.42857142857142855,
yjmob,modell_rf,53,0.5697905656746123,728,0.48626373626373626,
yjmob,modell_rf,54,0.5038699110139655,728,0.42857142857142855,
yjmob,modell_rf,55,0.5755889905092713,728,0.4052197802197802,
yjmob,modell_rf,56,0.5409855474222809,728,0.41208791208791207,
yjmob,modell_rf,57,0.5139410886570612,728,0.34203296703296704,
yjmob,modell_rf,58,0.5365475087411657,728,0.31456043956043955,
yjmob,modell_rf,59,0.5259436784373619,728,0.30357142857142855,
yjmob,modell_rf,60,0.5401831348681528,728,0.3021978021978022,
yjmob,modell_rf,61,0.5401530714295492,728,0.31456043956043955,
yjmob,modell_rf,62,0.6164031433292916,728,0.33104395604395603,
yjmob,modell_rf,63,0.5718910229225644,728,0.38324175824175827,
yjmob,modell_rf,64,0.6217117412350228,728,0.43543956043956045,
yjmob,modell_rf,65,0.5953158930471267,728,0.4848901098901099,
yjmob,modell_rf,66,0.5425336734633266,728,0.4409340659340659,
yjmob,modell_rf,67,0.5933464470010659,728,0.41346153846153844,
yjmob,modell_rf,68,0.5927644374070662,728,0.41620879120879123,
yjmob,modell_rf,69,0.5496254771301083,728,0.3489010989010989,
yjmob,modell_rf,70,0.5936130462184523,728,0.3228021978021978,
yjmob,modell_rf,71,0.5491124447529298,728,0.30357142857142855,
yjmob,modell_rf,72,0.5691411972269149,728,0.3076923076923077,
yjmob,modell_rf,73,0.5510818068775231,728,0.3282967032967033,
yjmob,modell_rf,74,0.6262014639809741,728,0.3269230769230769,
yjmob,modell_rf,75,0.5911655808601406,728,0.3914835164835165,
yjmob,modell_rf,76,0.6179802745275832,728,0.4409340659340659,
yjmob,modell_rf,77,0.5773506244554931,728,0.49175824175824173,
yjmob,modell_rf,78,0.5291358318346404,728,0.4326923076923077,
yjmob,modell_rf,79,0.5900615456444138,728,0.40796703296703296,
yjmob,modell_rf,80,0.5612457096317822,728,0.42032967032967034,
yjmob,modell_rf,81,0.5270068082537388,728,0.3585164835164835,
yjmob,modell_rf,82,0.5478667288201373,728,0.32142857142857145,
yjmob,modell_rf,83,0.49187947539342874,728,0.2967032967032967,
yjmob,modell_rf,84,0.5666026858974695,728,0.3021978021978022,
yjmob,modell_rf,85,0.5557440973508155,728,0.31456043956043955,
yjmob,modell_rf,86,0.6295006967062492,728,0.33791208791208793,
yjmob,modell_rf,87,0.585157509868617,728,0.38461538461538464,
yjmob,modell_rf,88,0.6189560899044907,728,0.4368131868131868,
yjmob,modell_rf,89,0.5737789886661806,728,0.489010989010989,
yjmob,modell_rf,90,0.5684225583978988,728,0.44505494505494503,
yjmob,modell_rf,91,0.6072385970752374,728,0.3983516483516483,
yjmob,modell_rf,92,0.5790205703584591,728,0.41483516483516486,
yjmob,modell_rf,93,0.5787229574708437,728,0.3626373626373626,
yjmob,modell_rf,94,0.599885821022425,728,0.33104395604395603,
yjmob,modell_rf,95,0.5426481461380853,728,0.29945054945054944,
yjmob,modell_rf,96,0.5811686579145512,728,0.31043956043956045,
yjmob,modell_rf,97,0.5887582954658778,728,0.33379120879120877,
yjmob,modell_rf,98,0.638223365375444,728,0.33653846153846156,
yjmob,modell_rf,99,0.5921999079727626,728,0.37774725274725274,
yjmob,modell_rf,100,0.5806360771039817,728,0.42445054945054944,
yjmob,modell_rf,101,0.5925358491378939,728,0.4945054945054945,
yjmob,modell_rf,102,0.5660566067352661,728,0.43543956043956045,
yjmob,modell_rf,103,0.5905549693441752,728,0.3873626373626374,
yjmob,modell_rf,104,0.6086769074331008,728,0.4271978021978022,
yjmob,modell_rf,105,0.5691996039138393,728,0.36126373626373626,
yjmob,modell_rf,106,0.5901248421038313,728,0.3282967032967033,
yjmob,modell_rf,107,0.5213997372450854,728,0.2980769230769231,
yjmob,modell_rf,108,0.5335913019820111,728,0.3008241758241758,
yjmob,modell_rf,109,0.5426578367527632,728,0.32005494505494503,
yjmob,modell_rf,110,0.6361187904979289,728,0.33104395604395603,
yjmob,modell_rf,111,0.5792601487386252,728,0.3791208791208791,
yjmob,modell_rf,112,0.5760210331733753,728,0.41620879120879123,
yjmob,modell_rf,113,0.5829177334522897,728,0.4835164835164835,
yjmob,modell_rf,114,0.5343563899180231,728,0.4340659340659341,
yjmob,modell_rf,115,0.5837513540236912,728,0.39697802197802196,
yjmob,modell_rf,116,0.5991848181120131,728,0.4175824175824176,
yjmob,modell_rf,117,0.5662641824247294,728,0.36675824175824173,
yjmob,modell_rf,118,0.6168850069811752,728,0.3447802197802198,
yjmob,modell_rf,119,0.5577868176821953,728,0.3090659340659341,
yjmob,modell_rf,120,0.5585223508471212,728,0.3159340659340659,
yjmob,modell_rf,121,0.5645465978285477,728,0.33379120879120877,
yjmob,modell_rf,122,0.6383809887714704,728,0.3324175824175824,
yjmob,modell_rf,123,0.5913717109741454,728,0.37637362637362637,
yjmob,modell_rf,124,0.5757598698989792,728,0.40934065934065933,
yjmob,modell_rf,125,0.6016542747783304,728,0.47527472527472525,
yjmob,modell_rf,126,0.5557311038663865,728,0.4491758241758242,
yjmob,modell_rf,127,0.5981716409831952,728,0.4107142857142857,
yjmob,modell_rf,128,0.5795100741665565,728,0.4175824175824176,
yjmob,modell_rf,129,0.6068944211401959,728,0.36675824175824173,
yjmob,modell_rf,130,0.6206126705022268,728,0.3434065934065934,
yjmob,modell_rf,131,0.5539039978515714,728,0.31456043956043955,
yjmob,modell_rf,132,0.5757263801830034,728,0.32142857142857145,
yjmob,modell_rf,133,0.5624299110703792,728,0.32967032967032966,
yjmob,modell_rf,134,0.6206511872206195,728,0.33104395604395603,
yjmob,modell_rf,135,0.5902440149224886,728,0.38186813186813184,
yjmob,modell_rf,136,0.5957439809183525,728,0.41483516483516486,
yjmob,modell_rf,137,0.5919500799607005,728,0.46291208791208793,
yjmob,modell_rf,138,0.5681595981868794,728,0.43131868131868134,
yjmob,modell_rf,139,0.5927150460174295,728,0.3901098901098901,
yjmob,modell_rf,140,0.5947096347500045,728,0.4326923076923077,
yjmob,modell_rf,141,0.5944225344659226,728,0.37225274725274726,
yjmob,modell_rf,142,0.6138008024401999,728,0.3392857142857143,
yjmob,modell_rf,143,0.5959063408109262,728,0.3228021978021978,
yjmob,modell_rf,144,0.6010697358995292,728,0.32005494505494503,
yjmob,modell_rf,145,0.526723633051415,728,0.3241758241758242,
yjmob,modell_rf,146,0.6242091706451636,728,0.32967032967032966,
yjmob,modell_rf,147,0.5996488600881894,728,0.3695054945054945,
yjmob,modell_rf,148,0.6148806737145984,728,0.40796703296703296,
yjmob,modell_rf,149,0.5911524582447477,728,0.46016483516483514,
yjmob,modell_rf,150,0.5610586582485975,728,0.43543956043956045,
yjmob,modell_rf,151,0.5672536580484027,728,0.38873626373626374,
yjmob,modell_rf,152,0.603409790813268,728,0.4230769230769231,
yjmob,modell_rf,153,0.6123624874510125,728,0.36538461538461536,
yjmob,modell_rf,154,0.6465407652653308,728,0.3543956043956044,
yjmob,modell_rf,155,0.601628809978834,728,0.32554945054945056,
yjmob,modell_rf,156,0.5863180220870873,728,0.31868131868131866,
yjmob,modell_rf,157,0.5770103632513314,728,0.33104395604395603,
yjmob,modell_rf,158,0.6230502711450852,728,0.3269230769230769,
yjmob,modell_rf,159,0.6107742998641259,728,0.37637362637362637,
yjmob,modell_rf,160,0.5997128004176532,728,0.4024725274725275,
yjmob,modell_rf,161,0.5891462048186165,728,0.45879120879120877,
yjmob,modell_rf,162,0.5709561967300324,728,0.4258241758241758,
yjmob,modell_rf,163,0.5620718240697906,728,0.38461538461538464,
yjmob,modell_rf,164,0.5978763068113192,728,0.4258241758241758,
yjmob,modell_rf,165,0.5952996504020321,728,0.3598901098901099,
yjmob,modell_rf,166,0.6395581452089285,728,0.3447802197802198,
yjmob,modell_rf,167,0.6092197099047417,728,0.3241758241758242,
yjmob,modell_rf,168,0.5913364686331918,728,0.3173076923076923,
yjmob,modell_rf,-1,0.5991002525587908,17472,0.37975045787545786,1--24 h
yjmob,modell_rf,-1,0.557617655400661,34944,0.3723385989010989,25--72 h
yjmob,modell_rf,-1,0.5809124875315856,69888,0.3763020833333333,73--168 h
yjmob,klimatologie,1,0.4588186006212048,728,0.32554945054945056,
yjmob,klimatologie,2,0.48430108953660184,728,0.33791208791208793,
yjmob,klimatologie,3,0.4917553771411366,728,0.3942307692307692,
yjmob,klimatologie,4,0.5080074689049724,728,0.42857142857142855,
yjmob,klimatologie,5,0.5264550083600958,728,0.5027472527472527,
yjmob,klimatologie,6,0.44231134241506354,728,0.44642857142857145,
yjmob,klimatologie,7,0.45476732325402597,728,0.41483516483516486,
yjmob,klimatologie,8,0.5082763855010244,728,0.40384615384615385,
yjmob,klimatologie,9,0.4487998223856447,728,0.3557692307692308,
yjmob,klimatologie,10,0.4981994909340969,728,0.32554945054945056,
yjmob,klimatologie,11,0.4934575951914122,728,0.32005494505494503,
yjmob,klimatologie,12,0.45245349446446814,728,0.3228021978021978,
yjmob,klimatologie,13,0.46213703539633366,728,0.33379120879120877,
yjmob,klimatologie,14,0.4753688174892195,728,0.33379120879120877,
yjmob,klimatologie,15,0.4820541459769784,728,0.385989010989011,
yjmob,klimatologie,16,0.5132766226733495,728,0.4271978021978022,
yjmob,klimatologie,17,0.5011248275555534,728,0.49038461538461536,
yjmob,klimatologie,18,0.4308427192845816,728,0.4423076923076923,
yjmob,klimatologie,19,0.4455545505736518,728,0.40934065934065933,
yjmob,klimatologie,20,0.4969453094914605,728,0.4024725274725275,
yjmob,klimatologie,21,0.45639248947511435,728,0.3489010989010989,
yjmob,klimatologie,22,0.48699493404325345,728,0.3173076923076923,
yjmob,klimatologie,23,0.47784499905422717,728,0.3228021978021978,
yjmob,klimatologie,24,0.4532739182802105,728,0.32142857142857145,
yjmob,klimatologie,25,0.44444366834444626,728,0.32005494505494503,
yjmob,klimatologie,26,0.4593839602463862,728,0.32554945054945056,
yjmob,klimatologie,27,0.47417516646743074,728,0.375,
yjmob,klimatologie,28,0.5078300325002617,728,0.43131868131868134,
yjmob,klimatologie,29,0.5013508897782828,728,0.4848901098901099,
yjmob,klimatologie,30,0.41900526135606225,728,0.42994505494505497,
yjmob,klimatologie,31,0.44961656085786894,728,0.4024725274725275,
yjmob,klimatologie,32,0.5149020654685982,728,0.41483516483516486,
yjmob,klimatologie,33,0.44313287466012613,728,0.3447802197802198,
yjmob,klimatologie,34,0.4934436936912383,728,0.3118131868131868,
yjmob,klimatologie,35,0.4239672562874418,728,0.3008241758241758,
yjmob,klimatologie,36,0.43522354635857413,728,0.3076923076923077,
yjmob,klimatologie,37,0.4444635118486165,728,0.32005494505494503,
yjmob,klimatologie,38,0.4752047654452188,728,0.3324175824175824,
yjmob,klimatologie,39,0.476004974304497,728,0.36675824175824173,
yjmob,klimatologie,40,0.5005049115937584,728,0.42994505494505497,
yjmob,klimatologie,41,0.5260971723719707,728,0.49313186813186816,
yjmob,klimatologie,42,0.44105717567572744,728,0.43131868131868134,
yjmob,klimatologie,43,0.44389442088156267,728,0.39972527472527475,
yjmob,klimatologie,44,0.5016595101325348,728,0.4107142857142857,
yjmob,klimatologie,45,0.4419378596366861,728,0.3434065934065934,
yjmob,klimatologie,46,0.5077187408849415,728,0.3282967032967033,
yjmob,klimatologie,47,0.43194067647873396,728,0.30631868131868134,
yjmob,klimatologie,48,0.4302868705886619,728,0.30357142857142855,
yjmob,klimatologie,49,0.44714325269370675,728,0.3241758241758242,
yjmob,klimatologie,50,0.4691358699821563,728,0.3282967032967033,
yjmob,klimatologie,51,0.49266076569108114,728,0.3791208791208791,
yjmob,klimatologie,52,0.500176151914086,728,0.42857142857142855,
yjmob,klimatologie,53,0.49852214455858274,728,0.48626373626373626,
yjmob,klimatologie,54,0.43541431415098014,728,0.42857142857142855,
yjmob,klimatologie,55,0.4436930163768562,728,0.4052197802197802,
yjmob,klimatologie,56,0.5072707543689997,728,0.41208791208791207,
yjmob,klimatologie,57,0.4394630809684929,728,0.34203296703296704,
yjmob,klimatologie,58,0.4878760467011123,728,0.31456043956043955,
yjmob,klimatologie,59,0.42165676624372195,728,0.30357142857142855,
yjmob,klimatologie,60,0.42325791733701934,728,0.3021978021978022,
yjmob,klimatologie,61,0.4322668508536711,728,0.31456043956043955,
yjmob,klimatologie,62,0.4776187955632844,728,0.33104395604395603,
yjmob,klimatologie,63,0.49386021477742537,728,0.38324175824175827,
yjmob,klimatologie,64,0.5002510745506052,728,0.43543956043956045,
yjmob,klimatologie,65,0.5029832547927706,728,0.4848901098901099,
yjmob,klimatologie,66,0.4612007310832527,728,0.4409340659340659,
yjmob,klimatologie,67,0.48004778925168595,728,0.41346153846153844,
yjmob,klimatologie,68,0.5078562580533817,728,0.41620879120879123,
yjmob,klimatologie,69,0.4415367374361131,728,0.3489010989010989,
yjmob,klimatologie,70,0.5026227257414504,728,0.3228021978021978,
yjmob,klimatologie,71,0.43098142447186,728,0.30357142857142855,
yjmob,klimatologie,72,0.4159029565844884,728,0.3076923076923077,
yjmob,klimatologie,73,0.45094965328951764,728,0.3282967032967033,
yjmob,klimatologie,74,0.4765938161205493,728,0.3269230769230769,
yjmob,klimatologie,75,0.5147705226170433,728,0.3914835164835165,
yjmob,klimatologie,76,0.5126812954165384,728,0.4409340659340659,
yjmob,klimatologie,77,0.5009620951205482,728,0.49175824175824173,
yjmob,klimatologie,78,0.44122327110181825,728,0.4326923076923077,
yjmob,klimatologie,79,0.47377199632056605,728,0.40796703296703296,
yjmob,klimatologie,80,0.49399374501236903,728,0.42032967032967034,
yjmob,klimatologie,81,0.4443702684145509,728,0.3585164835164835,
yjmob,klimatologie,82,0.4835192257671202,728,0.32142857142857145,
yjmob,klimatologie,83,0.4120457889340446,728,0.2967032967032967,
yjmob,klimatologie,84,0.422155066587499,728,0.3021978021978022,
yjmob,klimatologie,85,0.42988016447946575,728,0.31456043956043955,
yjmob,klimatologie,86,0.48436618179404656,728,0.33791208791208793,
yjmob,klimatologie,87,0.4975080442907731,728,0.38461538461538464,
yjmob,klimatologie,88,0.5016532726589333,728,0.4368131868131868,
yjmob,klimatologie,89,0.5062147319310687,728,0.489010989010989,
yjmob,klimatologie,90,0.45161537996354895,728,0.44505494505494503,
yjmob,klimatologie,91,0.4688127804055576,728,0.3983516483516483,
yjmob,klimatologie,92,0.4928627307904808,728,0.41483516483516486,
yjmob,klimatologie,93,0.45557477862304085,728,0.3626373626373626,
yjmob,klimatologie,94,0.49704637919328737,728,0.33104395604395603,
yjmob,klimatologie,95,0.4304850949644058,728,0.29945054945054944,
yjmob,klimatologie,96,0.4351620890924689,728,0.31043956043956045,
yjmob,klimatologie,97,0.45336163837803856,728,0.33379120879120877,
yjmob,klimatologie,98,0.4923001248480959,728,0.33653846153846156,
yjmob,klimatologie,99,0.5131410235740556,728,0.37774725274725274,
yjmob,klimatologie,100,0.5018310185900069,728,0.42445054945054944,
yjmob,klimatologie,101,0.5057692680514662,728,0.4945054945054945,
yjmob,klimatologie,102,0.4407927272222475,728,0.43543956043956045,
yjmob,klimatologie,103,0.4575262927032126,728,0.3873626373626374,
yjmob,klimatologie,104,0.5032556107741112,728,0.4271978021978022,
yjmob,klimatologie,105,0.4557512294697085,728,0.36126373626373626,
yjmob,klimatologie,106,0.4839637356139048,728,0.3282967032967033,
yjmob,klimatologie,107,0.4117983879234471,728,0.2980769230769231,
yjmob,klimatologie,108,0.42474639867296377,728,0.3008241758241758,
yjmob,klimatologie,109,0.43602761042848326,728,0.32005494505494503,
yjmob,klimatologie,110,0.48062399574955006,728,0.33104395604395603,
yjmob,klimatologie,111,0.5006265627180745,728,0.3791208791208791,
yjmob,klimatologie,112,0.4915282071835449,728,0.41620879120879123,
yjmob,klimatologie,113,0.49458116924792966,728,0.4835164835164835,
yjmob,klimatologie,114,0.4252807863993682,728,0.4340659340659341,
yjmob,klimatologie,115,0.4676283509323106,728,0.39697802197802196,
yjmob,klimatologie,116,0.5012038429808414,728,0.4175824175824176,
yjmob,klimatologie,117,0.46361164568696284,728,0.36675824175824173,
yjmob,klimatologie,118,0.506793992152888,728,0.3447802197802198,
yjmob,klimatologie,119,0.4341821708150363,728,0.3090659340659341,
yjmob,klimatologie,120,0.45200253996826856,728,0.3159340659340659,
yjmob,klimatologie,121,0.45147973515206796,728,0.33379120879120877,
yjmob,klimatologie,122,0.4917593675020723,728,0.3324175824175824,
yjmob,klimatologie,123,0.48324039287937254,728,0.37637362637362637,
yjmob,klimatologie,124,0.4887005057211649,728,0.40934065934065933,
yjmob,klimatologie,125,0.49749333891947656,728,0.47527472527472525,
yjmob,klimatologie,126,0.45220421496210306,728,0.4491758241758242,
yjmob,klimatologie,127,0.4667925058502318,728,0.4107142857142857,
yjmob,klimatologie,128,0.49212829825985743,728,0.4175824175824176,
yjmob,klimatologie,129,0.47561957524281784,728,0.36675824175824173,
yjmob,klimatologie,130,0.4978680752667108,728,0.3434065934065934,
yjmob,klimatologie,131,0.4457156573444211,728,0.31456043956043955,
yjmob,klimatologie,132,0.4523146072459348,728,0.32142857142857145,
yjmob,klimatologie,133,0.4329756620325574,728,0.32967032967032966,
yjmob,klimatologie,134,0.4751408210999524,728,0.33104395604395603,
yjmob,klimatologie,135,0.5020757717186815,728,0.38186813186813184,
yjmob,klimatologie,136,0.491719037346855,728,0.41483516483516486,
yjmob,klimatologie,137,0.47703310209690813,728,0.46291208791208793,
yjmob,klimatologie,138,0.43638489207851017,728,0.43131868131868134,
yjmob,klimatologie,139,0.42505373273773056,728,0.3901098901098901,
yjmob,klimatologie,140,0.5180017082496269,728,0.4326923076923077,
yjmob,klimatologie,141,0.4859104537009388,728,0.37225274725274726,
yjmob,klimatologie,142,0.4651009812660078,728,0.3392857142857143,
yjmob,klimatologie,143,0.45960041781912936,728,0.3228021978021978,
yjmob,klimatologie,144,0.46162239170532654,728,0.32005494505494503,
yjmob,klimatologie,145,0.423976607358172,728,0.3241758241758242,
yjmob,klimatologie,146,0.47928162364529003,728,0.32967032967032966,
yjmob,klimatologie,147,0.4961835959041234,728,0.3695054945054945,
yjmob,klimatologie,148,0.48748124972565765,728,0.40796703296703296,
yjmob,klimatologie,149,0.47500797999155264,728,0.46016483516483514,
yjmob,klimatologie,150,0.43945590530523393,728,0.43543956043956045,
yjmob,klimatologie,151,0.4606837539543542,728,0.38873626373626374,
yjmob,klimatologie,152,0.5004332785322732,728,0.4230769230769231,
yjmob,klimatologie,153,0.48396425551462274,728,0.36538461538461536,
yjmob,klimatologie,154,0.5042579284664017,728,0.3543956043956044,
yjmob,klimatologie,155,0.460078743706906,728,0.32554945054945056,
yjmob,klimatologie,156,0.4605216775553516,728,0.31868131868131866,
yjmob,klimatologie,157,0.42968675591567296,728,0.33104395604395603,
yjmob,klimatologie,158,0.4749047160997378,728,0.3269230769230769,
yjmob,klimatologie,159,0.505691579530633,728,0.37637362637362637,
yjmob,klimatologie,160,0.4855042502303324,728,0.4024725274725275,
yjmob,klimatologie,161,0.4574191755863805,728,0.45879120879120877,
yjmob,klimatologie,162,0.4338260402647432,728,0.4258241758241758,
yjmob,klimatologie,163,0.4513965158992194,728,0.38461538461538464,
yjmob,klimatologie,164,0.5027794014597233,728,0.4258241758241758,
yjmob,klimatologie,165,0.48445347104380304,728,0.3598901098901099,
yjmob,klimatologie,166,0.4947044394459577,728,0.3447802197802198,
yjmob,klimatologie,167,0.4627347250980632,728,0.3241758241758242,
yjmob,klimatologie,168,0.4438554052026598,728,0.3173076923076923,
yjmob,klimatologie,-1,0.4847082821682034,17472,0.37975045787545786,1--24 h
yjmob,klimatologie,-1,0.47580775041205003,34944,0.3723385989010989,25--72 h
yjmob,klimatologie,-1,0.47834362054079194,69888,0.3763020833333333,73--168 h
yjmob,persistenz168,1,0.42740744032828704,728,0.32554945054945056,
yjmob,persistenz168,2,0.45673707943190395,728,0.33791208791208793,
yjmob,persistenz168,3,0.45890558138245263,728,0.3942307692307692,
yjmob,persistenz168,4,0.47803689253200654,728,0.42857142857142855,
yjmob,persistenz168,5,0.5350725094577554,728,0.5027472527472527,
yjmob,persistenz168,6,0.47677878501320636,728,0.44642857142857145,
yjmob,persistenz168,7,0.48319680194458225,728,0.41483516483516486,
yjmob,persistenz168,8,0.45172968853093076,728,0.40384615384615385,
yjmob,persistenz168,9,0.4377722282526554,728,0.3557692307692308,
yjmob,persistenz168,10,0.40058820022653663,728,0.32554945054945056,
yjmob,persistenz168,11,0.40389154593971,728,0.32005494505494503,
yjmob,persistenz168,12,0.4058162126309549,728,0.3228021978021978,
yjmob,persistenz168,13,0.4363823588507133,728,0.33379120879120877,
yjmob,persistenz168,14,0.45381171141344895,728,0.33379120879120877,
yjmob,persistenz168,15,0.45113204950120356,728,0.385989010989011,
yjmob,persistenz168,16,0.4859565033037702,728,0.4271978021978022,
yjmob,persistenz168,17,0.523398170456994,728,0.49038461538461536,
yjmob,persistenz168,18,0.48005478183712047,728,0.4423076923076923,
yjmob,persistenz168,19,0.47461421326403563,728,0.40934065934065933,
yjmob,persistenz168,20,0.43781377313948144,728,0.4024725274725275,
yjmob,persistenz168,21,0.42165065905223387,728,0.3489010989010989,
yjmob,persistenz168,22,0.3897241647241647,728,0.3173076923076923,
yjmob,persistenz168,23,0.41192999536215447,728,0.3228021978021978,
yjmob,persistenz168,24,0.4124105343617539,728,0.32142857142857145,
yjmob,persistenz168,25,0.4201042465209192,728,0.32005494505494503,
yjmob,persistenz168,26,0.4411524882591791,728,0.32554945054945056,
yjmob,persistenz168,27,0.42336780866192636,728,0.375,
yjmob,persistenz168,28,0.49545790471691425,728,0.43131868131868134,
yjmob,persistenz168,29,0.517831672576715,728,0.4848901098901099,
yjmob,persistenz168,30,0.4592990997320757,728,0.42994505494505497,
yjmob,persistenz168,31,0.468941174995158,728,0.4024725274725275,
yjmob,persistenz168,32,0.45683822788349315,728,0.41483516483516486,
yjmob,persistenz168,33,0.41681309573608993,728,0.3447802197802198,
yjmob,persistenz168,34,0.39742101110743483,728,0.3118131868131868,
yjmob,persistenz168,35,0.39486076160922456,728,0.3008241758241758,
yjmob,persistenz168,36,0.39829022603412845,728,0.3076923076923077,
yjmob,persistenz168,37,0.4175340557969268,728,0.32005494505494503,
yjmob,persistenz168,38,0.4627523252800415,728,0.3324175824175824,
yjmob,persistenz168,39,0.4311987694736445,728,0.36675824175824173,
yjmob,persistenz168,40,0.5033774705982341,728,0.42994505494505497,
yjmob,persistenz168,41,0.5358215709682201,728,0.49313186813186816,
yjmob,persistenz168,42,0.46338862477837117,728,0.43131868131868134,
yjmob,persistenz168,43,0.47584941832264427,728,0.39972527472527475,
yjmob,persistenz168,44,0.46179678832589666,728,0.4107142857142857,
yjmob,persistenz168,45,0.4275970695970696,728,0.3434065934065934,
yjmob,persistenz168,46,0.4212839536122567,728,0.3282967032967033,
yjmob,persistenz168,47,0.4025481001743431,728,0.30631868131868134,
yjmob,persistenz168,48,0.38809555101964177,728,0.30357142857142855,
yjmob,persistenz168,49,0.42759633188347046,728,0.3241758241758242,
yjmob,persistenz168,50,0.4605872683801554,728,0.3282967032967033,
yjmob,persistenz168,51,0.446066015768618,728,0.3791208791208791,
yjmob,persistenz168,52,0.5079166219231366,728,0.42857142857142855,
yjmob,persistenz168,53,0.5335072486174889,728,0.48626373626373626,
yjmob,persistenz168,54,0.4632775481399335,728,0.42857142857142855,
yjmob,persistenz168,55,0.4954515957970562,728,0.4052197802197802,
yjmob,persistenz168,56,0.4631850688993546,728,0.41208791208791207,
yjmob,persistenz168,57,0.4297007613857101,728,0.34203296703296704,
yjmob,persistenz168,58,0.40930466912999663,728,0.31456043956043955,
yjmob,persistenz168,59,0.39833136748416803,728,0.30357142857142855,
yjmob,persistenz168,60,0.39913541394228086,728,0.3021978021978022,
yjmob,persistenz168,61,0.4074078717541618,728,0.31456043956043955,
yjmob,persistenz168,62,0.4846058851245574,728,0.33104395604395603,
yjmob,persistenz168,63,0.45070655819331795,728,0.38324175824175827,
yjmob,persistenz168,64,0.5186374325369516,728,0.43543956043956045,
yjmob,persistenz168,65,0.5405577176284992,728,0.4848901098901099,
yjmob,persistenz168,66,0.4944530514226279,728,0.4409340659340659,
yjmob,persistenz168,67,0.49919769790450075,728,0.41346153846153844,
yjmob,persistenz168,68,0.4768511729338246,728,0.41620879120879123,
yjmob,persistenz168,69,0.4483720406816045,728,0.3489010989010989,
yjmob,persistenz168,70,0.4303891965152993,728,0.3228021978021978,
yjmob,persistenz168,71,0.4149205462315726,728,0.30357142857142855,
yjmob,persistenz168,72,0.41611211792409275,728,0.3076923076923077,
yjmob,persistenz168,73,0.432711259831838,728,0.3282967032967033,
yjmob,persistenz168,74,0.49022301228183585,728,0.3269230769230769,
yjmob,persistenz168,75,0.4803752258138223,728,0.3914835164835165,
yjmob,persistenz168,76,0.5348346733296782,728,0.4409340659340659,
yjmob,persistenz168,77,0.5454300599116975,728,0.49175824175824173,
yjmob,persistenz168,78,0.4943198693198693,728,0.4326923076923077,
yjmob,persistenz168,79,0.4955086710572604,728,0.40796703296703296,
yjmob,persistenz168,80,0.4700031071514448,728,0.42032967032967034,
yjmob,persistenz168,81,0.4528124934459688,728,0.3585164835164835,
yjmob,persistenz168,82,0.43568726355611603,728,0.32142857142857145,
yjmob,persistenz168,83,0.4033587827362146,728,0.2967032967032967,
yjmob,persistenz168,84,0.4139282146425004,728,0.3021978021978022,
yjmob,persistenz168,85,0.42168574775760165,728,0.31456043956043955,
yjmob,persistenz168,86,0.4913294023050121,728,0.33791208791208793,
yjmob,persistenz168,87,0.466589861751152,728,0.38461538461538464,
yjmob,persistenz168,88,0.5237411617641314,728,0.4368131868131868,
yjmob,persistenz168,89,0.5427201803606299,728,0.489010989010989,
yjmob,persistenz168,90,0.5202199398277829,728,0.44505494505494503,
yjmob,persistenz168,91,0.49314793152874115,728,0.3983516483516483,
yjmob,persistenz168,92,0.4810142114161828,728,0.41483516483516486,
yjmob,persistenz168,93,0.4712568133620765,728,0.3626373626373626,
yjmob,persistenz168,94,0.43986794275039975,728,0.33104395604395603,
yjmob,persistenz168,95,0.4105425374101652,728,0.29945054945054944,
yjmob,persistenz168,96,0.4144517127322101,728,0.31043956043956045,
yjmob,persistenz168,97,0.44487711089365933,728,0.33379120879120877,
yjmob,persistenz168,98,0.49051624448449843,728,0.33653846153846156,
yjmob,persistenz168,99,0.46880528243686137,728,0.37774725274725274,
yjmob,persistenz168,100,0.5205334471353888,728,0.42445054945054944,
yjmob,persistenz168,101,0.5535393136955638,728,0.4945054945054945,
yjmob,persistenz168,102,0.5301475601160144,728,0.43543956043956045,
yjmob,persistenz168,103,0.4820383377501305,728,0.3873626373626374,
yjmob,persistenz168,104,0.49409306041138834,728,0.4271978021978022,
yjmob,persistenz168,105,0.4544388721144775,728,0.36126373626373626,
yjmob,persistenz168,106,0.4362786794795164,728,0.3282967032967033,
yjmob,persistenz168,107,0.40360471380283414,728,0.2980769230769231,
yjmob,persistenz168,108,0.40819689899141953,728,0.3008241758241758,
yjmob,persistenz168,109,0.4285372742746914,728,0.32005494505494503,
yjmob,persistenz168,110,0.47276600828967347,728,0.33104395604395603,
yjmob,persistenz168,111,0.46888314084715876,728,0.3791208791208791,
yjmob,persistenz168,112,0.5183045658888125,728,0.41620879120879123,
yjmob,persistenz168,113,0.5489950609957053,728,0.4835164835164835,
yjmob,persistenz168,114,0.5129224428071751,728,0.4340659340659341,
yjmob,persistenz168,115,0.4891126575340433,728,0.39697802197802196,
yjmob,persistenz168,116,0.48871798689412027,728,0.4175824175824176,
yjmob,persistenz168,117,0.4668224195727131,728,0.36675824175824173,
yjmob,persistenz168,118,0.46373152685868624,728,0.3447802197802198,
yjmob,persistenz168,119,0.4233524266791199,728,0.3090659340659341,
yjmob,persistenz168,120,0.4336459473205616,728,0.3159340659340659,
yjmob,persistenz168,121,0.44876882376882377,728,0.33379120879120877,
yjmob,persistenz168,122,0.4928625770652596,728,0.3324175824175824,
yjmob,persistenz168,123,0.48117474199683774,728,0.37637362637362637,
yjmob,persistenz168,124,0.5094192238953893,728,0.40934065934065933,
yjmob,persistenz168,125,0.5454951406974529,728,0.47527472527472525,
yjmob,persistenz168,126,0.521835534496085,728,0.4491758241758242,
yjmob,persistenz168,127,0.49922194861994196,728,0.4107142857142857,
yjmob,persistenz168,128,0.479295783765598,728,0.4175824175824176,
yjmob,persistenz168,129,0.4628683019050443,728,0.36675824175824173,
yjmob,persistenz168,130,0.45794558667139307,728,0.3434065934065934,
yjmob,persistenz168,131,0.41909779487347865,728,0.31456043956043955,
yjmob,persistenz168,132,0.4360120580000098,728,0.32142857142857145,
yjmob,persistenz168,133,0.45291979362101314,728,0.32967032967032966,
yjmob,persistenz168,134,0.48315934207835176,728,0.33104395604395603,
yjmob,persistenz168,135,0.48003280350279465,728,0.38186813186813184,
yjmob,persistenz168,136,0.5232520266036661,728,0.41483516483516486,
yjmob,persistenz168,137,0.5351216663557563,728,0.46291208791208793,
yjmob,persistenz168,138,0.5045394170338623,728,0.43131868131868134,
yjmob,persistenz168,139,0.4767303822937625,728,0.3901098901098901,
yjmob,persistenz168,140,0.4984183964183964,728,0.4326923076923077,
yjmob,persistenz168,141,0.4619498892061221,728,0.37225274725274726,
yjmob,persistenz168,142,0.45312397908191787,728,0.3392857142857143,
yjmob,persistenz168,143,0.4304659670742274,728,0.3228021978021978,
yjmob,persistenz168,144,0.44903135037455555,728,0.32005494505494503,
yjmob,persistenz168,145,0.44976060828503506,728,0.3241758241758242,
yjmob,persistenz168,146,0.48711143928535233,728,0.32967032967032966,
yjmob,persistenz168,147,0.4668399697036055,728,0.3695054945054945,
yjmob,persistenz168,148,0.5335658918213435,728,0.40796703296703296,
yjmob,persistenz168,149,0.5435406853775195,728,0.46016483516483514,
yjmob,persistenz168,150,0.5159318228626077,728,0.43543956043956045,
yjmob,persistenz168,151,0.4712004795312037,728,0.38873626373626374,
yjmob,persistenz168,152,0.5061394875751312,728,0.4230769230769231,
yjmob,persistenz168,153,0.45954828731292363,728,0.36538461538461536,
yjmob,persistenz168,154,0.4655835320133339,728,0.3543956043956044,
yjmob,persistenz168,155,0.43584723716867135,728,0.32554945054945056,
yjmob,persistenz168,156,0.4518143670913598,728,0.31868131868131866,
yjmob,persistenz168,157,0.4568077151064703,728,0.33104395604395603,
yjmob,persistenz168,158,0.4811890690342071,728,0.3269230769230769,
yjmob,persistenz168,159,0.48085611494773245,728,0.37637362637362637,
yjmob,persistenz168,160,0.5223749270618754,728,0.4024725274725275,
yjmob,persistenz168,161,0.5419130446869087,728,0.45879120879120877,
yjmob,persistenz168,162,0.5091166253101737,728,0.4258241758241758,
yjmob,persistenz168,163,0.47182669789227166,728,0.38461538461538464,
yjmob,persistenz168,164,0.5072321421354731,728,0.4258241758241758,
yjmob,persistenz168,165,0.45095044904205206,728,0.3598901098901099,
yjmob,persistenz168,166,0.4836722042897341,728,0.3447802197802198,
yjmob,persistenz168,167,0.4333071018579845,728,0.3241758241758242,
yjmob,persistenz168,168,0.44873699746581097,728,0.3173076923076923,
yjmob,persistenz168,-1,0.45051179699110594,17472,0.37975045787545786,1--24 h
yjmob,persistenz168,-1,0.45296058335640355,34944,0.3723385989010989,25--72 h
yjmob,persistenz168,-1,0.4792306864460254,69888,0.3763020833333333,73--168 h
yjmob,modell_lgbm,1,0.7322732673247877,728,0.32554945054945056,
yjmob,modell_lgbm,2,0.7109622347244056,728,0.33791208791208793,
yjmob,modell_lgbm,3,0.6434320142107497,728,0.3942307692307692,
yjmob,modell_lgbm,4,0.6146011655257868,728,0.42857142857142855,
yjmob,modell_lgbm,5,0.6594266323930287,728,0.5027472527472527,
yjmob,modell_lgbm,6,0.5694450902112629,728,0.44642857142857145,
yjmob,modell_lgbm,7,0.6278507116728509,728,0.41483516483516486,
yjmob,modell_lgbm,8,0.59541161004113,728,0.40384615384615385,
yjmob,modell_lgbm,9,0.5926328299071889,728,0.3557692307692308,
yjmob,modell_lgbm,10,0.5659643488002903,728,0.32554945054945056,
yjmob,modell_lgbm,11,0.5695937518663702,728,0.32005494505494503,
yjmob,modell_lgbm,12,0.5973359519679259,728,0.3228021978021978,
yjmob,modell_lgbm,13,0.6111187151827252,728,0.33379120879120877,
yjmob,modell_lgbm,14,0.6323200848221886,728,0.33379120879120877,
yjmob,modell_lgbm,15,0.6004846457443276,728,0.385989010989011,
yjmob,modell_lgbm,16,0.613555942854543,728,0.4271978021978022,
yjmob,modell_lgbm,17,0.625125202391609,728,0.49038461538461536,
yjmob,modell_lgbm,18,0.5588997716611008,728,0.4423076923076923,
yjmob,modell_lgbm,19,0.5865967048583026,728,0.40934065934065933,
yjmob,modell_lgbm,20,0.5706815894440717,728,0.4024725274725275,
yjmob,modell_lgbm,21,0.5735187459790115,728,0.3489010989010989,
yjmob,modell_lgbm,22,0.5562488047318908,728,0.3173076923076923,
yjmob,modell_lgbm,23,0.5930783625481794,728,0.3228021978021978,
yjmob,modell_lgbm,24,0.6024938644335311,728,0.32142857142857145,
yjmob,modell_lgbm,25,0.5839794722381749,728,0.32005494505494503,
yjmob,modell_lgbm,26,0.5721610855512099,728,0.32554945054945056,
yjmob,modell_lgbm,27,0.5610214551802385,728,0.375,
yjmob,modell_lgbm,28,0.5863220513260381,728,0.43131868131868134,
yjmob,modell_lgbm,29,0.5668276903393432,728,0.4848901098901099,
yjmob,modell_lgbm,30,0.4949120684877987,728,0.42994505494505497,
yjmob,modell_lgbm,31,0.557702992527912,728,0.4024725274725275,
yjmob,modell_lgbm,32,0.5486174553340384,728,0.41483516483516486,
yjmob,modell_lgbm,33,0.5444446763750261,728,0.3447802197802198,
yjmob,modell_lgbm,34,0.5509600988847301,728,0.3118131868131868,
yjmob,modell_lgbm,35,0.5457154598427026,728,0.3008241758241758,
yjmob,modell_lgbm,36,0.5554816219026995,728,0.3076923076923077,
yjmob,modell_lgbm,37,0.5493222787572187,728,0.32005494505494503,
yjmob,modell_lgbm,38,0.5875969446508442,728,0.3324175824175824,
yjmob,modell_lgbm,39,0.5714899449982824,728,0.36675824175824173,
yjmob,modell_lgbm,40,0.6170482448099938,728,0.42994505494505497,
yjmob,modell_lgbm,41,0.575517451890388,728,0.49313186813186816,
yjmob,modell_lgbm,42,0.5093730957867051,728,0.43131868131868134,
yjmob,modell_lgbm,43,0.5615105556048581,728,0.39972527472527475,
yjmob,modell_lgbm,44,0.5577703670359673,728,0.4107142857142857,
yjmob,modell_lgbm,45,0.5656343740741336,728,0.3434065934065934,
yjmob,modell_lgbm,46,0.5657598510549084,728,0.3282967032967033,
yjmob,modell_lgbm,47,0.531675447041976,728,0.30631868131868134,
yjmob,modell_lgbm,48,0.542791978633484,728,0.30357142857142855,
yjmob,modell_lgbm,49,0.5466124289269867,728,0.3241758241758242,
yjmob,modell_lgbm,50,0.5962640467965536,728,0.3282967032967033,
yjmob,modell_lgbm,51,0.5901784566561064,728,0.3791208791208791,
yjmob,modell_lgbm,52,0.6074839627423458,728,0.42857142857142855,
yjmob,modell_lgbm,53,0.5679400522903228,728,0.48626373626373626,
yjmob,modell_lgbm,54,0.5136059156385308,728,0.42857142857142855,
yjmob,modell_lgbm,55,0.5720642880666789,728,0.4052197802197802,
yjmob,modell_lgbm,56,0.5618239555781741,728,0.41208791208791207,
yjmob,modell_lgbm,57,0.5133470234787685,728,0.34203296703296704,
yjmob,modell_lgbm,58,0.5381830245161061,728,0.31456043956043955,
yjmob,modell_lgbm,59,0.5187920220277531,728,0.30357142857142855,
yjmob,modell_lgbm,60,0.550183257012839,728,0.3021978021978022,
yjmob,modell_lgbm,61,0.5439901022708389,728,0.31456043956043955,
yjmob,modell_lgbm,62,0.6251689964147046,728,0.33104395604395603,
yjmob,modell_lgbm,63,0.5756697543578081,728,0.38324175824175827,
yjmob,modell_lgbm,64,0.6215484065253476,728,0.43543956043956045,
yjmob,modell_lgbm,65,0.5857914086892477,728,0.4848901098901099,
yjmob,modell_lgbm,66,0.5476562717716464,728,0.4409340659340659,
yjmob,modell_lgbm,67,0.5945930313369274,728,0.41346153846153844,
yjmob,modell_lgbm,68,0.6051551191880462,728,0.41620879120879123,
yjmob,modell_lgbm,69,0.5536132039113089,728,0.3489010989010989,
yjmob,modell_lgbm,70,0.607254341158008,728,0.3228021978021978,
yjmob,modell_lgbm,71,0.5551888773776994,728,0.30357142857142855,
yjmob,modell_lgbm,72,0.5784902046229152,728,0.3076923076923077,
yjmob,modell_lgbm,73,0.5604367616153849,728,0.3282967032967033,
yjmob,modell_lgbm,74,0.6222517267321465,728,0.3269230769230769,
yjmob,modell_lgbm,75,0.5931581682972091,728,0.3914835164835165,
yjmob,modell_lgbm,76,0.6233039275683612,728,0.4409340659340659,
yjmob,modell_lgbm,77,0.580251684396818,728,0.49175824175824173,
yjmob,modell_lgbm,78,0.5219820550958871,728,0.4326923076923077,
yjmob,modell_lgbm,79,0.5942492053890844,728,0.40796703296703296,
yjmob,modell_lgbm,80,0.5630296507297008,728,0.42032967032967034,
yjmob,modell_lgbm,81,0.5315902669064165,728,0.3585164835164835,
yjmob,modell_lgbm,82,0.5508274183480111,728,0.32142857142857145,
yjmob,modell_lgbm,83,0.5052615602428855,728,0.2967032967032967,
yjmob,modell_lgbm,84,0.5646887643244786,728,0.3021978021978022,
yjmob,modell_lgbm,85,0.5563666597324801,728,0.31456043956043955,
yjmob,modell_lgbm,86,0.6322686956738823,728,0.33791208791208793,
yjmob,modell_lgbm,87,0.5922285068836486,728,0.38461538461538464,
yjmob,modell_lgbm,88,0.6130833993303447,728,0.4368131868131868,
yjmob,modell_lgbm,89,0.5775103394469436,728,0.489010989010989,
yjmob,modell_lgbm,90,0.5739367302624705,728,0.44505494505494503,
yjmob,modell_lgbm,91,0.6030176255643381,728,0.3983516483516483,
yjmob,modell_lgbm,92,0.592086090732573,728,0.41483516483516486,
yjmob,modell_lgbm,93,0.5731435372147853,728,0.3626373626373626,
yjmob,modell_lgbm,94,0.5930405451636803,728,0.33104395604395603,
yjmob,modell_lgbm,95,0.5406944992850069,728,0.29945054945054944,
yjmob,modell_lgbm,96,0.5904063857517078,728,0.31043956043956045,
yjmob,modell_lgbm,97,0.5830118787189341,728,0.33379120879120877,
yjmob,modell_lgbm,98,0.6397949968698314,728,0.33653846153846156,
yjmob,modell_lgbm,99,0.6078370494426641,728,0.37774725274725274,
yjmob,modell_lgbm,100,0.5982956319196415,728,0.42445054945054944,
yjmob,modell_lgbm,101,0.5969896290670689,728,0.4945054945054945,
yjmob,modell_lgbm,102,0.5734446295534845,728,0.43543956043956045,
yjmob,modell_lgbm,103,0.5982865757509358,728,0.3873626373626374,
yjmob,modell_lgbm,104,0.6054723723746868,728,0.4271978021978022,
yjmob,modell_lgbm,105,0.5744277540847342,728,0.36126373626373626,
yjmob,modell_lgbm,106,0.5943363777209806,728,0.3282967032967033,
yjmob,modell_lgbm,107,0.5416195253855788,728,0.2980769230769231,
yjmob,modell_lgbm,108,0.5581784338698785,728,0.3008241758241758,
yjmob,modell_lgbm,109,0.5442073087177601,728,0.32005494505494503,
yjmob,modell_lgbm,110,0.6375343766018563,728,0.33104395604395603,
yjmob,modell_lgbm,111,0.6035686595176022,728,0.3791208791208791,
yjmob,modell_lgbm,112,0.5980711322080767,728,0.41620879120879123,
yjmob,modell_lgbm,113,0.58484329138624,728,0.4835164835164835,
yjmob,modell_lgbm,114,0.5472821743065858,728,0.4340659340659341,
yjmob,modell_lgbm,115,0.5825562703939681,728,0.39697802197802196,
yjmob,modell_lgbm,116,0.6086350000787818,728,0.4175824175824176,
yjmob,modell_lgbm,117,0.5639339657317777,728,0.36675824175824173,
yjmob,modell_lgbm,118,0.6202344390415295,728,0.3447802197802198,
yjmob,modell_lgbm,119,0.5812310171158932,728,0.3090659340659341,
yjmob,modell_lgbm,120,0.5895389298782102,728,0.3159340659340659,
yjmob,modell_lgbm,121,0.574438036576099,728,0.33379120879120877,
yjmob,modell_lgbm,122,0.6567599601030335,728,0.3324175824175824,
yjmob,modell_lgbm,123,0.584116573463145,728,0.37637362637362637,
yjmob,modell_lgbm,124,0.5939573884783959,728,0.40934065934065933,
yjmob,modell_lgbm,125,0.6022112037854396,728,0.47527472527472525,
yjmob,modell_lgbm,126,0.5573505524902208,728,0.4491758241758242,
yjmob,modell_lgbm,127,0.5966648658804853,728,0.4107142857142857,
yjmob,modell_lgbm,128,0.5892725367309407,728,0.4175824175824176,
yjmob,modell_lgbm,129,0.6034604688920984,728,0.36675824175824173,
yjmob,modell_lgbm,130,0.6241295274647628,728,0.3434065934065934,
yjmob,modell_lgbm,131,0.5737140950987295,728,0.31456043956043955,
yjmob,modell_lgbm,132,0.586246658175117,728,0.32142857142857145,
yjmob,modell_lgbm,133,0.5592740360046755,728,0.32967032967032966,
yjmob,modell_lgbm,134,0.6222658786949189,728,0.33104395604395603,
yjmob,modell_lgbm,135,0.5971788589424977,728,0.38186813186813184,
yjmob,modell_lgbm,136,0.5973073854868212,728,0.41483516483516486,
yjmob,modell_lgbm,137,0.5888203848304607,728,0.46291208791208793,
yjmob,modell_lgbm,138,0.5681869776915872,728,0.43131868131868134,
yjmob,modell_lgbm,139,0.5851302328866076,728,0.3901098901098901,
yjmob,modell_lgbm,140,0.5875262893556712,728,0.4326923076923077,
yjmob,modell_lgbm,141,0.5853361589341327,728,0.37225274725274726,
yjmob,modell_lgbm,142,0.6267624581769737,728,0.3392857142857143,
yjmob,modell_lgbm,143,0.6006176044950394,728,0.3228021978021978,
yjmob,modell_lgbm,144,0.6137425094105068,728,0.32005494505494503,
yjmob,modell_lgbm,145,0.5477541188102323,728,0.3241758241758242,
yjmob,modell_lgbm,146,0.6261159770490495,728,0.32967032967032966,
yjmob,modell_lgbm,147,0.5956689331319664,728,0.3695054945054945,
yjmob,modell_lgbm,148,0.6299712958535699,728,0.40796703296703296,
yjmob,modell_lgbm,149,0.5821788865935739,728,0.46016483516483514,
yjmob,modell_lgbm,150,0.5673074075151502,728,0.43543956043956045,
yjmob,modell_lgbm,151,0.5755471580665262,728,0.38873626373626374,
yjmob,modell_lgbm,152,0.611645501233268,728,0.4230769230769231,
yjmob,modell_lgbm,153,0.6113259469793695,728,0.36538461538461536,
yjmob,modell_lgbm,154,0.6318240679893663,728,0.3543956043956044,
yjmob,modell_lgbm,155,0.6059984677792402,728,0.32554945054945056,
yjmob,modell_lgbm,156,0.5896635109469585,728,0.31868131868131866,
yjmob,modell_lgbm,157,0.5684878463083088,728,0.33104395604395603,
yjmob,modell_lgbm,158,0.6238364163990566,728,0.3269230769230769,
yjmob,modell_lgbm,159,0.6173735451252021,728,0.37637362637362637,
yjmob,modell_lgbm,160,0.6051887467604915,728,0.4024725274725275,
yjmob,modell_lgbm,161,0.5781609659617946,728,0.45879120879120877,
yjmob,modell_lgbm,162,0.5677581596988531,728,0.4258241758241758,
yjmob,modell_lgbm,163,0.560677534811578,728,0.38461538461538464,
yjmob,modell_lgbm,164,0.6117556688827991,728,0.4258241758241758,
yjmob,modell_lgbm,165,0.5942454071758025,728,0.3598901098901099,
yjmob,modell_lgbm,166,0.6265639608618496,728,0.3447802197802198,
yjmob,modell_lgbm,167,0.605575763860215,728,0.3241758241758242,
yjmob,modell_lgbm,168,0.5880332316425184,728,0.3173076923076923,
yjmob,modell_lgbm,-1,0.6076658602079759,17472,0.37975045787545786,1--24 h
yjmob,modell_lgbm,-1,0.5601481196574577,34944,0.3723385989010989,25--72 h
yjmob,modell_lgbm,-1,0.5852345187363006,69888,0.3763020833333333,73--168 h
