label,soc_percent,capacity_ah,nominal_voltage,reserve_percent,usable_energy_kwh,bad_km,avg_min_km,avg_max_km,good_km,mean_km,p10_km,p50_km,p90_km
Person A,30.0,33.0,400.0,5.0,3.762,20.0,35.0,50.0,70.0,44.16763950952797,30.71397880877904,43.854800235961555,58.21597468419663
Person B,45.0,33.0,400.0,5.0,5.643,30.0,52.5,75.0,105.0,66.28976170487368,45.91403006164155,65.803486631003,87.47504888063301
Person C,62.0,33.0,400.0,5.0,7.774799999999999,41.33333333333333,72.33333333333333,103.33333333333331,144.66666666666666,91.18270390403517,63.113938164906756,90.23788806645138,120.58899964197249
Person D,25.0,28.0,400.0,5.0,2.6599999999999997,14.141414141414138,24.747474747474744,35.35353535353535,49.49494949494949,31.27201186826101,21.62686091156588,31.04679447127517,41.305726389141704
Person E,80.0,40.0,400.0,5.0,12.16,64.64646464646465,113.13131313131314,161.6161616161616,226.26262626262627,142.44582844487036,98.86879428024633,141.21148917594485,187.61562298569416
